DepMap_ID,cell_line,COSMIC_ID,Biological_sex,Age,Lineage,Y_ploidy,X_ploidy,Genotype,Y-linked_genes,X-linked_genes,Chr_Y_gene_expression_PC1,Chr_X,Chr_1
ACH-000004,HEL_HAEMATOPOIETIC_AND_LYMPHOID_TISSUE,907053,Male,30,blood,Y+,X,Male_XY,0.721106493,0.429215991,-11.93374592,NA,NA
ACH-000005,HEL9217_HAEMATOPOIETIC_AND_LYMPHOID_TISSUE,NA,Male,30,blood,Y+,X,Male_XY,0.76996206,0.47789589,-11.88665733,NA,NA
ACH-000007,LS513_LARGE_INTESTINE,907795,Male,63,colorectal,Y+,X,Male_XY,0.531759924,0.552887735,-7.635677876,NA,NA
ACH-000009,C2BBE1_LARGE_INTESTINE,910700,Male,72,colorectal,Y-,X,Male_X0,0.048598467,0.6572261,4.123414983,NA,NA
ACH-000011,253J_URINARY_TRACT,NA,Male,53,urinary_tract,Y-,XX,Male_XX,0.003768857,0.811779551,4.144126194,NA,NA
ACH-000012,HCC827_LUNG,1240146,Female,39,lung,Y-,XX,Female_XXhet,0.016552288,1.095051814,4.066216028,0.276813835,NA
ACH-000013,ONCODG1_OVARY,NA,Female,60,ovary,Y-,X,Female_X0,0.003340925,0.757781738,4.128745823,NA,NA
ACH-000014,HS294T_SKIN,NA,Male,56,skin,Y-,XX,Male_XX,0.163867177,1.012780691,3.799744841,NA,NA
ACH-000015,NCIH1581_LUNG,908471,Male,44,lung,NA,X,NA,0.208516387,0.648345086,-3.527153751,NA,NA
ACH-000592,TM31_CENTRAL_NERVOUS_SYSTEM,NA,Female,42,central_nervous_system,Y-,X,Female_X0,0.010377433,0.762663846,3.940178278,0.018152666,NA
ACH-000018,T24_URINARY_TRACT,724812,Female,81,urinary_tract,Y-,XXhom,Female_XXhom,0.009187085,1.138411699,4.304897948,0,NA
ACH-000202,COLO320_LARGE_INTESTINE,NA,Female,55,colorectal,Y-,X,Female_X0,2.02E-09,0.703779483,3.908749943,0.007272519,NA
ACH-000017,SKBR3_BREAST,NA,Female,43,breast,Y-,X,Female_X0,2.17E-05,0.776949425,3.917734286,0,NA
ACH-000022,PATU8988S_PANCREAS,NA,Female,64,pancreas,Y-,NA,NA,1.71E-05,0.807582976,3.027841974,0.402679952,NA
ACH-000024,OPM2_HAEMATOPOIETIC_AND_LYMPHOID_TISSUE,909249,Female,56,plasma_cell,Y-,XXhom,Female_XXhom,0.013702987,0.901682312,4.139330164,0,NA
ACH-000025,CH157MN_CENTRAL_NERVOUS_SYSTEM,NA,Female,NA,central_nervous_system,Y-,X,Female_X0,6.67E-08,0.623385223,4.346460612,NA,NA
ACH-000019,MCF7_BREAST,905946,Female,69,breast,Y-,X,Female_X0,0.001101075,0.781377619,4.227642379,0,NA
ACH-000029,HCC827GR5_LUNG,NA,Female,39,lung,Y-,XX,Female_XXhet,0.001084558,1.140941075,4.553227283,NA,NA
ACH-000030,PC14_LUNG,753608,Male,NA,lung,Y-,XX,Male_XX,0.00970074,0.862333542,4.354807894,NA,NA
ACH-000035,NCIH1650_LUNG,687800,Male,27,lung,Y-,X,Male_X0,0.012066067,0.654185568,4.258724658,NA,NA
ACH-000037,S117_THYROID,NA,Female,47,soft_tissue,Y-,XX,Female_XXhet,9.86E-07,0.928500766,3.975537209,0.41373189,NA
ACH-000039,SKNMC_BONE,NA,Female,14,bone,Y-,XX,Female_XXhet,0.004100896,0.892028606,3.738575842,0.435091336,NA
ACH-000040,U118MG_CENTRAL_NERVOUS_SYSTEM,687588,Male,NA,central_nervous_system,NA,X,NA,0.193774023,0.531306889,-7.493534247,NA,NA
ACH-000041,RDES_BONE,NA,Male,19,bone,Y+,X,Male_XY,0.650674953,0.726505034,-11.54395573,NA,NA
ACH-000042,PANC0203_PANCREAS,1298475,Female,70,pancreas,Y-,XX,Female_XXhet,0.00108341,0.923662141,3.974776388,0.377999198,NA
ACH-000045,MV411_HAEMATOPOIETIC_AND_LYMPHOID_TISSUE,908156,Male,10,blood,Y+,X,Male_XY,0.585343935,0.574517102,-7.936218037,NA,NA
ACH-000047,GCIY_STOMACH,906869,Female,NA,gastric,Y-,XXhom,Female_XXhom,0.006113566,0.891374794,NA,0,NA
ACH-000021,NCIH1693_LUNG,687802,Female,55,lung,Y-,X,Female_X0,0.004215516,0.608212332,4.152388496,0,NA
ACH-000052,A673_BONE,684052,Female,15,bone,Y-,NA,NA,0.002356326,0.736655955,4.169738018,0.415965184,NA
ACH-000053,KARPAS299_HAEMATOPOIETIC_AND_LYMPHOID_TISSUE,907273,Male,25,lymphocyte,Y+,X,Male_XY,0.635873187,0.593937132,-7.373676406,NA,NA
ACH-000054,HT1080_SOFT_TISSUE,907064,Male,35,soft_tissue,Y+,X,Male_XY,0.562625205,0.574821684,-9.419092299,NA,NA
ACH-000055,D283MED_CENTRAL_NERVOUS_SYSTEM,906834,Male,6,central_nervous_system,Y+,X,Male_XY,0.637597405,0.583830784,-10.23907831,NA,NA
ACH-000060,PANC1005_PANCREAS,925348,Male,56,pancreas,Y-,X,Male_X0,0.010204281,0.673706642,4.289267962,NA,NA
ACH-000067,HS683_CENTRAL_NERVOUS_SYSTEM,1240150,Male,76,central_nervous_system,Y+,X,Male_XY,0.633110864,0.594630272,-9.451003553,NA,NA
ACH-000070,697_HAEMATOPOIETIC_AND_LYMPHOID_TISSUE,906800,Male,12,blood,Y+,X,Male_XY,0.60590844,0.560858671,-9.639383425,NA,NA
ACH-000074,KU812_HAEMATOPOIETIC_AND_LYMPHOID_TISSUE,907311,Male,38,blood,Y+,X,Male_XY,0.853691377,0.531069264,-12.31838678,NA,NA
ACH-000028,KPL1_BREAST,NA,Female,50,breast,Y-,X,Female_X0,3.19E-07,0.670867562,3.834953751,0,NA
ACH-000077,MJ_HAEMATOPOIETIC_AND_LYMPHOID_TISSUE,NA,Male,50,lymphocyte,Y+,X,Male_XY,0.597211043,0.576614015,-10.52707124,NA,NA
ACH-000078,MHHNB11_AUTONOMIC_GANGLIA,908135,Male,4,peripheral_nervous_system,Y+,X,Male_XY,0.519398611,0.534673298,-10.80850048,NA,NA
ACH-000048,TOV112D_OVARY,1299070,Female,42,ovary,Y-,X,Female_X0,0.000845361,0.746626554,4.173242611,0,NA
ACH-000085,T3M4_PANCREAS,NA,Male,64,pancreas,Y-,X,Male_X0,0.006676212,0.464381854,4.188655377,NA,NA
ACH-000086,ACCMESO1_PLEURA,NA,Female,61,lung,Y-,XX,Female_XXhet,0.000305401,0.998290632,4.309073583,0.247781023,NA
ACH-000087,SKES1_BONE,684072,Male,18,bone,Y+,X,Male_XY,0.402822881,0.604388461,-9.240398347,NA,NA
ACH-000092,NCIH2452_PLEURA,908462,Male,NA,lung,Y+,X,Male_XY,0.656376925,0.622853764,-9.06667567,NA,NA
ACH-000093,PANC0504_PANCREAS,NA,Female,77,pancreas,Y-,XX,Female_XXhet,3.35E-05,1.00861734,3.900109812,0.41590792,NA
ACH-000095,D341MED_CENTRAL_NERVOUS_SYSTEM,NA,Male,3.5,central_nervous_system,Y+,X,Male_XY,0.631230451,0.561263285,-9.925562229,NA,NA
ACH-000096,G401_SOFT_TISSUE,907299,Male,0.25,kidney,Y+,X,Male_XY,0.575272325,0.582344626,-10.58147228,NA,NA
ACH-000097,ZR751_BREAST,NA,Female,63,breast,Y-,XX,Female_XXhet,0.010693581,1.02709721,2.775909697,0.255053542,NA
ACH-000098,GAMG_CENTRAL_NERVOUS_SYSTEM,906868,Female,42,central_nervous_system,Y-,XX,Female_XXhet,0.005790632,1.32433876,1.40519991,0.421577049,NA
ACH-000099,SIMA_AUTONOMIC_GANGLIA,753620,Male,1.67,peripheral_nervous_system,Y+,X,Male_XY,0.391794846,0.588719382,-7.888804224,NA,NA
ACH-000101,KE37_HAEMATOPOIETIC_AND_LYMPHOID_TISSUE,907277,Male,27,blood,Y+,X,Male_XY,0.602475895,0.610587899,-10.32510536,NA,NA
ACH-000108,KP3_PANCREAS,1298219,Male,75,pancreas,Y-,X,Male_X0,6.98E-06,0.687812027,4.233919574,NA,NA
ACH-000111,HCC1187_BREAST,749711,Female,41,breast,Y-,XXhom,Female_XXhom,0.021986438,1.061655966,4.01467307,0,NA
ACH-000113,OCIAML2_HAEMATOPOIETIC_AND_LYMPHOID_TISSUE,910947,Male,65,blood,Y+,X,Male_XY,0.516972239,0.575034182,-9.092974634,NA,NA
ACH-000114,SU8686_PANCREAS,1240218,Female,57,pancreas,Y-,NA,NA,1.87E-09,0.532302737,3.93148512,0.438985283,NA
ACH-000115,VCAP_PROSTATE,1299075,Male,59,prostate,Y+,X,Male_XY,0.694049391,0.591916919,-10.07864206,NA,NA
ACH-000076,NCO2_HAEMATOPOIETIC_AND_LYMPHOID_TISSUE,NA,Female,35,blood,Y-,X,Female_X0,0.011517789,0.564048645,4.087152342,0,NA
ACH-000118,HUPT3_PANCREAS,907285,Male,66,pancreas,Y+,X,Male_XY,0.752721804,0.552709594,-7.081701373,NA,NA
ACH-000120,CHP212_AUTONOMIC_GANGLIA,906820,Male,NA,peripheral_nervous_system,Y+,X,Male_XY,0.566667848,0.581610315,-10.47364006,NA,NA
ACH-000123,COV434_OVARY,NA,Female,NA,ovary,Y-,XX,Female_XXhet,3.11E-06,0.94772971,4.179108865,0.378915421,NA
ACH-000128,LN319_CENTRAL_NERVOUS_SYSTEM,NA,Male,67,central_nervous_system,Y+,X,Male_XY,0.311321189,0.54173256,-6.923128867,NA,NA
ACH-000132,JHOS2_OVARY,1479995,Female,45,ovary,Y-,XX,Female_XXhet,0.024375208,1.213378019,4.138998626,0.207753536,NA
ACH-000133,HS729_SOFT_TISSUE,NA,Male,74,fibroblast,Y+,X,Male_XY,0.759334662,0.643196658,-9.25572869,NA,NA
ACH-000082,G292CLONEA141B1_BONE,1290807,Female,9,bone,Y-,X,Female_X0,0.002015774,0.763705875,4.093523743,0,NA
ACH-000138,CFPAC1_PANCREAS,906821,Male,26,pancreas,NA,X,NA,0.392831113,0.60409801,-2.136752094,NA,NA
ACH-000142,CAL29_URINARY_TRACT,1290730,Female,80,urinary_tract,Y-,XX,Female_XXhet,7.05E-05,0.986884482,3.546749655,0.397010823,NA
ACH-000143,HCC2429_LUNG,NA,Female,34,lung,Y-,XX,Female_XXhet,3.35E-08,0.936997909,4.340666566,NA,NA
ACH-000146,THP1_HAEMATOPOIETIC_AND_LYMPHOID_TISSUE,909771,Male,1,blood,Y+,X,Male_XY,0.594367825,0.5799974,-9.865343922,NA,NA
ACH-000116,OAW28_OVARY,946360,Female,NA,ovary,Y-,X,Female_X0,NA,0.692215788,4.149187436,0,NA
ACH-000137,8MGBA_CENTRAL_NERVOUS_SYSTEM,687562,Female,54,central_nervous_system,Y-,X,Female_X0,1.46E-08,0.515726133,4.175992281,0,NA
ACH-000150,HCC2935_LUNG,NA,Male,39,lung,Y+,X,Male_XY,0.81781612,0.68908851,-10.33595122,NA,NA
ACH-000151,JM1_HAEMATOPOIETIC_AND_LYMPHOID_TISSUE,1327768,Male,NA,blood,Y+,X,Male_XY,0.53074522,0.79582485,-9.422053467,NA,NA
ACH-000152,M059K_CENTRAL_NERVOUS_SYSTEM,NA,Male,33,central_nervous_system,Y+,X,Male_XY,0.376203096,0.542452493,-8.164990503,NA,NA
ACH-000153,NCIH2052_PLEURA,688058,Male,65,lung,Y-,X,Male_X0,0.006194893,0.804313518,4.156011135,NA,NA
ACH-000159,OSRC2_KIDNEY,909250,Male,NA,kidney,Y+,X,Male_XY,0.733563449,0.738520567,-10.39240659,NA,NA
ACH-000160,BT12_SOFT_TISSUE,NA,Female,0.1,soft_tissue,Y-,XX,Female_XXhet,0.000191049,0.989781105,4.226186733,NA,NA
ACH-000161,CORL105_LUNG,906805,Male,NA,lung,Y+,X,Male_XY,0.635617298,0.576516476,-6.89173813,NA,NA
ACH-000163,SW579_THYROID,NA,Male,59,thyroid,Y-,X,Male_X0,0.021325394,0.668353777,4.208607522,NA,NA
ACH-000164,PANC1_PANCREAS,NA,Male,NA,pancreas,Y-,XX,Male_XX,0.013875843,0.897321443,3.999585223,NA,NA
ACH-000167,KE97_STOMACH,NA,Male,52,plasma_cell,Y-,X,Male_X0,0.001280435,0.512702496,3.601520692,NA,NA
ACH-000168,NOMO1_HAEMATOPOIETIC_AND_LYMPHOID_TISSUE,908451,Female,31,blood,Y-,XX,Female_XXhet,0.00315165,0.867500526,4.269049818,0.344156216,NA
ACH-000147,T47D_BREAST,905945,Female,54,breast,Y-,X,Female_X0,0.013716922,0.646184825,4.40507679,0,NA
ACH-000148,HS578T_BREAST,905957,Female,74,breast,Y-,X,Female_X0,6.97E-05,0.550021391,4.057993334,0,NA
ACH-000178,HS766T_PANCREAS,1298141,Male,46,pancreas,Y-,XX,Male_XX,0.000812522,0.87899034,4.12138377,NA,NA
ACH-000169,RD_SOFT_TISSUE,909264,Female,7,soft_tissue,Y-,X,Female_X0,0.000793998,0.530081021,4.098145989,0,NA
ACH-000187,CORL311_LUNG,687980,Male,63,lung,Y-,X,Male_X0,0.111330957,0.661545972,3.747632677,NA,NA
ACH-000188,SCC25_UPPER_AERODIGESTIVE_TRACT,910701,Male,70,upper_aerodigestive,Y-,X,Male_X0,0.046954303,0.722356106,4.304974126,NA,NA
ACH-000189,RCC10RGB_KIDNEY,909974,Male,NA,kidney,Y-,X,Male_X0,0.005716677,0.615641005,4.110510805,NA,NA
ACH-000190,HDMYZ_HAEMATOPOIETIC_AND_LYMPHOID_TISSUE,907050,Male,29,,Y+,X,Male_XY,0.917913425,0.708382373,-11.29926411,NA,NA
ACH-000174,CAL62_THYROID,906828,Female,70,thyroid,Y-,X,Female_X0,1.31E-05,0.661070292,4.293099445,0,NA
ACH-000195,SET2_HAEMATOPOIETIC_AND_LYMPHOID_TISSUE,NA,Female,71,blood,Y-,XX,Female_XXhet,0.017209981,1.110903922,4.330157881,0.34873733,NA
ACH-000198,EOL1_HAEMATOPOIETIC_AND_LYMPHOID_TISSUE,906856,Male,33,blood,Y+,X,Male_XY,0.573699918,0.565323514,-9.528513576,NA,NA
ACH-000200,NMCG1_CENTRAL_NERVOUS_SYSTEM,908449,Female,NA,central_nervous_system,Y-,XX,Female_XXhet,5.28E-06,1.214944697,4.09790354,0.302983451,NA
ACH-000183,L363_HAEMATOPOIETIC_AND_LYMPHOID_TISSUE,924239,Female,36,plasma_cell,Y-,X,Female_X0,0.00321875,0.681525442,3.943354812,0,NA
ACH-000191,BHT101_THYROID,906696,Female,63,thyroid,Y-,X,Female_X0,6.32E-07,0.759364566,3.87961255,0,NA
ACH-000204,LP1_HAEMATOPOIETIC_AND_LYMPHOID_TISSUE,907791,Female,56,plasma_cell,Y-,X,Female_X0,0.003554901,0.638606545,4.208771039,0,NA
ACH-000209,SNU1079_BILIARY_TRACT,NA,Male,NA,bile_duct,Y+,X,Male_XY,0.791451888,0.596327522,-9.030576039,NA,NA
ACH-000211,DAOY_CENTRAL_NERVOUS_SYSTEM,906833,Male,4,central_nervous_system,NA,X,NA,0.22860804,0.610371816,1.99017699,NA,NA
ACH-000207,DETROIT562_UPPER_AERODIGESTIVE_TRACT,906837,Female,NA,upper_aerodigestive,Y-,X,Female_X0,0.006759352,0.635410683,3.976459294,0,NA
ACH-000215,LN382_CENTRAL_NERVOUS_SYSTEM,NA,Male,NA,central_nervous_system,Y-,X,Male_X0,2.95E-06,0.625083552,4.254723143,NA,NA
ACH-000216,JHESOAD1_OESOPHAGUS,NA,Male,NA,esophagus,Y-,XX,Male_XX,0.152582537,1.018064068,4.184839325,NA,NA
ACH-000212,CAL120_BREAST,906826,Female,43,breast,Y-,X,Female_X0,0.016941354,0.79458603,4.296598607,0,NA
ACH-000219,A375_SKIN,906793,Female,54,skin,Y-,XXhom,Female_XXhom,0.002754598,0.83067463,4.086702576,0,NA
ACH-000221,SNU398_LIVER,1240217,Male,42,liver,NA,X,NA,0.233635917,0.441066716,-2.27785758,NA,NA
ACH-000217,JHH6_LIVER,1240159,Female,57,liver,Y-,X,Female_X0,8.05E-05,0.682109129,4.27434596,0,NA
ACH-000222,ASPC1_PANCREAS,910702,Female,62,pancreas,Y-,X,Female_X0,4.08E-06,0.686829294,4.213766504,0,NA
ACH-000226,SUPM2_HAEMATOPOIETIC_AND_LYMPHOID_TISSUE,1331040,Female,5,lymphocyte,Y-,XX,Female_XXhet,0.013721462,1.072747487,4.322420919,0.301609116,NA
ACH-000227,KPNYN_AUTONOMIC_GANGLIA,907314,Male,2,peripheral_nervous_system,Y+,X,Male_XY,0.567642683,0.607980574,-10.78157731,NA,NA
ACH-000228,BICR31_UPPER_AERODIGESTIVE_TRACT,1290725,Male,NA,upper_aerodigestive,Y-,X,Male_X0,0.011504069,0.597920176,4.010858622,NA,NA
ACH-000231,KALS1_CENTRAL_NERVOUS_SYSTEM,907271,Female,NA,central_nervous_system,Y-,XX,Female_XXhet,0.009660096,1.241897761,4.21152812,0.099410182,NA
ACH-000232,U251MG_CENTRAL_NERVOUS_SYSTEM,905983,Male,NA,central_nervous_system,Y+,X,Male_XY,0.455015081,0.767744283,-7.887254142,NA,NA
ACH-000233,DEL_HAEMATOPOIETIC_AND_LYMPHOID_TISSUE,906836,Male,12,lymphocyte,Y+,X,Male_XY,0.398078614,0.697763473,-7.83584461,NA,NA
ACH-000234,CAKI2_KIDNEY,NA,Male,69,kidney,Y+,X,Male_XY,0.437468258,0.632517546,-7.822823531,NA,NA
ACH-000235,PANC0403_PANCREAS,1298476,Male,70,pancreas,Y-,X,Male_X0,0.015800817,0.681890679,4.232128519,NA,NA
ACH-000237,JHOM1_OVARY,NA,Female,88,ovary,Y-,NA,NA,7.04E-07,0.793567701,3.914893911,0.360132852,NA
ACH-000238,SCC4_UPPER_AERODIGESTIVE_TRACT,910904,Male,55,upper_aerodigestive,NA,X,NA,0.579651552,0.611613093,-4.924124456,NA,NA
ACH-000223,HCC1937_BREAST,749714,Female,24,breast,Y-,X,Female_X0,0.039157224,0.739919826,4.300027811,0,NA
ACH-000244,DKMG_CENTRAL_NERVOUS_SYSTEM,906839,Female,67,central_nervous_system,Y-,XX,Female_XXhet,7.62E-05,0.874112366,3.692955336,0.431999084,NA
ACH-000247,OCUM1_STOMACH,1298358,Female,38,gastric,Y-,XX,Female_XXhet,0.004394904,1.186732269,4.319974764,0.326060814,NA
ACH-000248,AU565_BREAST,910704,Female,43,breast,Y-,XXhom,Female_XXhom,0.016910101,0.937229005,3.923956043,0,NA
ACH-000249,CL11_LARGE_INTESTINE,1290769,Male,NA,colorectal,NA,X,NA,0.53480778,0.593486931,-2.862416897,NA,NA
ACH-000251,NCIH2887_LUNG,NA,Male,NA,lung,NA,X,NA,0.487010939,0.694760233,-3.82498486,NA,NA
ACH-000253,COLO201_LARGE_INTESTINE,NA,Male,70,colorectal,NA,X,NA,0.428836607,0.743086834,-0.713208654,NA,NA
ACH-000243,DANG_PANCREAS,1290797,Female,NA,pancreas,Y-,X,Female_X0,0.008943512,0.760122264,4.176892072,0,NA
ACH-000255,LMSU_STOMACH,NA,Female,27,gastric,Y-,X,Female_X0,0.024186089,0.622762399,3.06528116,0,NA
ACH-000257,CORL279_LUNG,910937,Male,63,lung,Y+,X,Male_XY,0.583562861,0.687671694,-8.253735992,NA,NA
ACH-000258,DU4475_BREAST,906844,Female,62,breast,Y-,XX,Female_XXhet,0.008060265,1.043069811,3.980727101,NA,NA
ACH-000256,COV318_OVARY,NA,Female,NA,ovary,Y-,X,Female_X0,0.00293967,0.616145581,3.744655507,0,NA
ACH-000259,KELLY_AUTONOMIC_GANGLIA,753618,Female,NA,peripheral_nervous_system,Y-,X,Female_X0,0.006798577,0.53330208,4.052359758,0,NA
ACH-000262,UOK101_KIDNEY,NA,Female,NA,kidney,Y-,X,Female_X0,3.55E-06,0.685413074,4.345770773,NA,NA
ACH-000263,KASUMI1_HAEMATOPOIETIC_AND_LYMPHOID_TISSUE,907275,Male,7,blood,Y-,X,Male_X0,0.000142912,0.54241086,3.949768558,NA,NA
ACH-000260,SKNAS_AUTONOMIC_GANGLIA,724828,Female,6,peripheral_nervous_system,Y-,X,Female_X0,0.010558887,0.692677899,4.049133494,0,NA
ACH-000265,KP4_PANCREAS,753572,Male,50,pancreas,Y-,X,Male_X0,0.00324624,0.708024203,4.139014859,NA,NA
ACH-000266,SNU213_PANCREAS,NA,Male,65,pancreas,Y+,X,Male_XY,0.420956961,0.622441082,-7.740017494,NA,NA
ACH-000273,SF539_CENTRAL_NERVOUS_SYSTEM,905984,Female,NA,central_nervous_system,Y-,X,Female_X0,3.06E-09,0.643085763,3.981206277,NA,NA
ACH-000274,HS852T_SKIN,NA,Male,53,skin,Y+,XX,Male_XXY,0.546513105,0.94064881,-8.603604265,NA,NA
ACH-000276,HCC38_BREAST,749717,Female,50,breast,Y-,XX,Female_XXhet,0.034389301,1.088122899,4.127140916,0.171276413,NA
ACH-000264,CALU6_LUNG,724859,Female,61,lung,Y-,X,Female_X0,0.014856381,0.506119749,4.185416001,0,NA
ACH-000278,COV362_OVARY,NA,Female,NA,ovary,Y-,XXhom,Female_XXhom,0.005077632,0.843048926,4.141203292,0,NA
ACH-000280,SNU840_OVARY,NA,Female,45,ovary,Y-,XX,Female_XXhet,0.000108341,0.941368032,4.23647073,0.283227395,NA
ACH-000281,KP2_PANCREAS,1298218,Female,65,pancreas,Y-,XX,Female_XXhet,0.000125995,1.218105453,4.390933561,0.349710817,NA
ACH-000286,SNU1033_LARGE_INTESTINE,NA,Female,45,colorectal,Y-,X,Female_X0,0.0004636,0.567034042,4.255583757,NA,NA
ACH-000277,HCC1419_BREAST,907045,Female,42,breast,Y-,X,Female_X0,0.015426106,0.70310281,4.12049364,0,NA
ACH-000290,NCIH209_LUNG,688013,Male,55,lung,Y+,X,Male_XY,0.5534732,0.591307608,-10.24260297,NA,NA
ACH-000291,OV90_OVARY,1240197,Female,64,ovary,Y-,XX,Female_XXhet,0.021782587,1.126691637,4.357216637,0.39288782,NA
ACH-000292,NCIH841_LUNG,1240192,Male,51,lung,Y+,X,Male_XY,0.53066267,0.755081014,-8.872596038,NA,NA
ACH-000293,KLE_ENDOMETRIUM,924187,Female,64,uterus,Y-,XX,Female_XXhet,0.020657445,1.125819241,3.791845724,0.296111779,NA
ACH-000288,BT549_BREAST,905951,Female,72,breast,Y-,X,Female_X0,7.13E-08,0.612658039,3.816670495,0,NA
ACH-000294,NB4_HAEMATOPOIETIC_AND_LYMPHOID_TISSUE,1323913,Female,23,blood,Y-,X,Female_X0,0.013415397,0.657090963,4.221166518,0,NA
ACH-000296,OUMS23_LARGE_INTESTINE,NA,Male,NA,colorectal,Y-,X,Male_X0,1.63E-08,0.419316108,3.833415951,NA,NA
ACH-000295,EM2_HAEMATOPOIETIC_AND_LYMPHOID_TISSUE,906855,Female,5,blood,Y-,X,Female_X0,0.000214122,0.369124464,3.795267978,0,NA
ACH-000302,SNU1077_ENDOMETRIUM,NA,Female,60,uterus,Y-,X,Female_X0,0.001933443,0.604773594,3.691993612,0,NA
ACH-000303,SNU5_STOMACH,908445,Female,33,gastric,Y-,X,Female_X0,1.88E-09,0.573037458,3.959434075,0,NA
ACH-000305,ECGI10_OESOPHAGUS,753555,Male,65,esophagus,NA,X,NA,0.068134428,0.565103269,-0.238722648,NA,NA
ACH-000307,PK1_PANCREAS,NA,Male,NA,pancreas,NA,X,NA,0.500142469,0.676032619,-2.250724685,NA,NA
ACH-000308,EFO21_OVARY,911905,Female,56,ovary,Y-,XX,Female_XXhet,0.01282514,1.146987319,3.947104034,0.223214797,NA
ACH-000310,IMR32_AUTONOMIC_GANGLIA,NA,Male,1,peripheral_nervous_system,Y+,X,Male_XY,0.508809468,0.490086072,-9.475642485,NA,NA
ACH-000311,NCIH2122_LUNG,722046,Female,46,lung,Y-,XX,Female_XXhet,0.006102079,0.948375166,4.227631509,0.414247266,NA
ACH-000312,SKNBE2_AUTONOMIC_GANGLIA,NA,Male,2,peripheral_nervous_system,Y+,X,Male_XY,0.539437646,0.544933031,-10.2357184,NA,NA
ACH-000313,KMRC3_KIDNEY,NA,Male,NA,kidney,Y+,X,Male_XY,0.596560846,0.590687223,-10.5768177,NA,NA
ACH-000315,KARPAS422_HAEMATOPOIETIC_AND_LYMPHOID_TISSUE,907274,Female,73,lymphocyte,Y-,XX,Female_XXhet,0.000200303,0.860559098,3.969614749,NA,NA
ACH-000316,SNU886_LIVER,NA,Male,57,liver,Y+,X,Male_XY,0.600033925,0.596732934,-8.907896281,NA,NA
ACH-000317,TUHR14TKB_KIDNEY,NA,Male,NA,kidney,Y+,X,Male_XY,0.505304919,0.597468451,-8.895283656,NA,NA
ACH-000318,TE10_OESOPHAGUS,753622,Male,NA,esophagus,Y-,X,Male_X0,1.63E-05,0.651450358,2.993606095,NA,NA
ACH-000319,MPP89_PLEURA,908150,Male,67,lung,Y+,X,Male_XY,0.890425241,0.770508339,-11.46848179,NA,NA
ACH-000320,PSN1_PANCREAS,910546,Male,NA,pancreas,Y-,X,Male_X0,1.27E-06,0.674318792,4.22736963,NA,NA
ACH-000322,HT144_SKIN,907067,Male,29,skin,NA,X,NA,0.662701564,0.481395227,-3.166776004,NA,NA
ACH-000323,42MGBA_CENTRAL_NERVOUS_SYSTEM,687561,Male,63,central_nervous_system,Y-,X,Male_X0,0.006393986,0.468110757,4.190845804,NA,NA
ACH-000304,WM115_SKIN,909784,Female,59,skin,Y-,X,Female_X0,4.28E-07,0.552854438,3.905055454,0,NA
ACH-000325,SNU620_STOMACH,NA,Female,59,gastric,Y-,XX,Female_XXhet,0.000210602,0.971659092,3.854210857,0.31185936,NA
ACH-000326,JURLMK1_HAEMATOPOIETIC_AND_LYMPHOID_TISSUE,1327771,Male,73,blood,Y+,X,Male_XY,0.593556188,0.599696746,-10.21757077,NA,NA
ACH-000329,CCFSTTG1_CENTRAL_NERVOUS_SYSTEM,906823,Female,68,central_nervous_system,Y-,XX,Female_XXhet,0.018658653,0.933560088,3.794743118,0.393517723,NA
ACH-000324,JHOC5_OVARY,NA,Female,NA,ovary,Y-,X,Female_X0,0.002018876,0.75534055,4.166329365,0,NA
ACH-000331,ISTMES2_PLEURA,NA,Male,71,lung,Y+,X,Male_XY,0.648125703,0.613773426,-10.69935647,NA,NA
ACH-000332,YAPC_PANCREAS,909904,Male,43,pancreas,Y+,X,Male_XY,0.759134568,0.685346717,-10.14591457,NA,NA
ACH-000334,DB_HAEMATOPOIETIC_AND_LYMPHOID_TISSUE,906832,Male,45,lymphocyte,Y+,X,Male_XY,0.649857118,0.713115359,-11.74596286,NA,NA
ACH-000335,MSTO211H_PLEURA,908152,Male,62,lung,Y+,X,Male_XY,0.609981905,0.651330621,-10.04319641,NA,NA
ACH-000336,OCIAML3_HAEMATOPOIETIC_AND_LYMPHOID_TISSUE,1290455,Male,57,blood,Y-,X,Male_X0,0.000201324,0.526412504,1.704802869,NA,NA
ACH-000339,HCC461_LUNG,NA,Male,NA,lung,Y-,X,Male_X0,0.002316124,0.773424933,4.222452639,NA,NA
ACH-000341,SKNFI_AUTONOMIC_GANGLIA,688087,Male,11,peripheral_nervous_system,Y+,X,Male_XY,0.583508635,0.55340969,-10.67592371,NA,NA
ACH-000343,NCIH522_LUNG,905944,Male,60,lung,Y-,XX,Male_XX,0.017950431,0.993111053,2.90736689,NA,NA
ACH-000344,SNU668_STOMACH,NA,Male,63,gastric,Y-,XX,Male_XX,0.00531568,0.934326622,3.955598862,NA,NA
ACH-000346,JVM3_HAEMATOPOIETIC_AND_LYMPHOID_TISSUE,907270,Male,73,blood,Y+,X,Male_XY,0.572051137,0.575131305,-9.590687813,NA,NA
ACH-000330,EFM19_BREAST,906851,Female,50,breast,Y-,X,Female_X0,0.001915388,0.778416489,4.221557408,0,NA
ACH-000350,COLO678_LARGE_INTESTINE,910689,Male,69,colorectal,Y-,X,Male_X0,0.000109975,0.704259825,3.946122459,NA,NA
ACH-000352,HCC1428_BREAST,1290905,Female,49,breast,Y-,XX,Female_XXhet,0.019099024,1.195231312,3.896163375,0.357212392,NA
ACH-000355,NCIH82_LUNG,688031,Male,41,lung,Y-,XX,Male_XX,0.023692387,0.89100785,4.348804569,NA,NA
ACH-000356,MKN45_STOMACH,925340,Female,62,gastric,Y-,XX,Female_XXhet,0.00495103,0.949457497,4.196118742,0.232835137,NA
ACH-000361,SKHEP1_LIVER,909719,Male,52,liver,Y-,XX,Male_XX,0.001116498,0.839231195,4.160030462,NA,NA
ACH-000362,MOLM13_HAEMATOPOIETIC_AND_LYMPHOID_TISSUE,1330947,Male,20,blood,Y+,X,Male_XY,0.556620536,0.571874239,-8.312305375,NA,NA
ACH-000363,SKMM2_HAEMATOPOIETIC_AND_LYMPHOID_TISSUE,753612,Male,54,plasma_cell,Y-,X,Male_X0,3.27E-05,0.537480942,4.279580768,NA,NA
ACH-000348,RPMI7951_SKIN,910903,Female,18,skin,Y-,X,Female_X0,0.004840609,0.734661319,3.94891743,0,NA
ACH-000365,SUDHL4_HAEMATOPOIETIC_AND_LYMPHOID_TISSUE,1331035,Male,38,lymphocyte,Y+,X,Male_XY,0.558706347,0.572692712,-8.422956346,NA,NA
ACH-000366,SKNDZ_AUTONOMIC_GANGLIA,688086,Female,2,peripheral_nervous_system,Y-,NA,NA,8.01E-06,0.752944939,4.028606509,0.292160568,NA
ACH-000368,SNU1105_CENTRAL_NERVOUS_SYSTEM,NA,Male,61,central_nervous_system,Y+,X,Male_XY,0.380071332,0.628988874,-6.970807044,NA,NA
ACH-000370,SNU626_CENTRAL_NERVOUS_SYSTEM,NA,Male,65,central_nervous_system,Y+,X,Male_XY,0.602929723,0.682685923,-9.187975922,NA,NA
ACH-000371,RL_HAEMATOPOIETIC_AND_LYMPHOID_TISSUE,910861,Male,52,lymphocyte,Y+,X,Male_XY,0.551070301,0.569447753,-7.081142755,NA,NA
ACH-000364,U2OS_BONE,909776,Female,15,bone,Y-,X,Female_X0,0.014767538,0.626694347,4.246056838,0,NA
ACH-000375,G402_SOFT_TISSUE,907298,Female,0.75,soft_tissue,Y-,XX,Female_XXhet,0.01864237,1.029195105,4.057560596,0.472255626,NA
ACH-000376,SF295_CENTRAL_NERVOUS_SYSTEM,905985,Female,67,central_nervous_system,Y-,XX,Female_XXhet,0.021666274,1.08409709,4.282388853,0.411956708,NA
ACH-000378,NCIH647_LUNG,1240191,Male,56,lung,Y-,X,Male_X0,2.07E-05,0.591108029,4.123151791,NA,NA
ACH-000381,T84_LARGE_INTESTINE,909761,Male,72,colorectal,Y-,XX,Male_XX,0.010529287,1.059510826,4.370771293,NA,NA
ACH-000374,HCC1143_BREAST,749710,Female,52,breast,Y-,X,Female_X0,0.003235,0.7693143,4.323006324,0,NA
ACH-000387,TF1_HAEMATOPOIETIC_AND_LYMPHOID_TISSUE,NA,Male,35,blood,Y+,X,Male_XY,1.113633623,0.607332219,-12.65104718,NA,NA
ACH-000389,H4_CENTRAL_NERVOUS_SYSTEM,907042,Male,37,central_nervous_system,Y+,X,Male_XY,0.603634402,0.723878183,-10.3286469,NA,NA
ACH-000390,LUDLU1_LUNG,NA,Male,72,lung,Y-,X,Male_X0,0.005988126,0.699655003,4.130035527,NA,NA
ACH-000391,MHHES1_BONE,908134,Male,12,bone,Y-,X,Male_X0,0.000113561,0.567138519,4.074242886,NA,NA
ACH-000393,HLF_LIVER,NA,Male,69,liver,Y-,X,Male_X0,1.47E-06,0.748869408,4.159724444,NA,NA
ACH-000395,NCIH520_LUNG,908443,Male,NA,lung,Y-,X,Male_X0,0.001340328,0.779841377,4.172998169,NA,NA
ACH-000383,OE33_OESOPHAGUS,910549,Female,73,esophagus,Y-,X,Female_X0,2.02E-09,0.676828149,4.294569631,0,NA
ACH-000398,RI1_HAEMATOPOIETIC_AND_LYMPHOID_TISSUE,NA,Female,57,lymphocyte,Y-,XX,Female_XXhet,1.14E-05,0.87825819,4.009360262,0.411155013,NA
ACH-000401,COLO800_SKIN,906813,Male,14,skin,Y+,X,Male_XY,0.776481456,0.713272738,-10.25684506,NA,NA
ACH-000402,BL70_HAEMATOPOIETIC_AND_LYMPHOID_TISSUE,NA,Male,16,lymphocyte,Y+,X,Male_XY,0.593627698,0.582411084,-8.828237092,NA,NA
ACH-000403,NCIH747_LARGE_INTESTINE,908457,Male,69,colorectal,Y+,X,Male_XY,0.393089012,0.783391022,-6.857636653,NA,NA
ACH-000405,MEC1_HAEMATOPOIETIC_AND_LYMPHOID_TISSUE,NA,Male,61,blood,Y+,X,Male_XY,0.576361295,0.609221883,-9.372098029,NA,NA
ACH-000406,U937_HAEMATOPOIETIC_AND_LYMPHOID_TISSUE,NA,Male,37,blood,Y-,XX,Male_XX,9.79E-05,0.832050385,4.257417579,NA,NA
ACH-000407,SNU685_ENDOMETRIUM,NA,Female,70,uterus,Y-,XX,Female_XXhet,0.015075164,0.932781846,4.103028233,0.07650461,NA
ACH-000408,TE5_OESOPHAGUS,735784,Female,73,esophagus,Y-,XX,Female_XXhet,0.025555972,1.020470279,4.030806163,0.266964439,NA
ACH-000410,SAOS2_BONE,909707,Female,11,bone,Y-,XX,Female_XXhet,0.014171625,1.243713407,4.15036497,NA,NA
ACH-000411,769P_KIDNEY,910922,Female,63,kidney,Y-,XX,Female_XXhet,0.001465564,1.046487406,4.166295002,0.404340606,NA
ACH-000414,NCIH1944_LUNG,1240185,Female,62,lung,Y-,XX,Female_XXhet,0.016799707,0.920315416,4.16108118,0.418026685,NA
ACH-000415,BICR6_UPPER_AERODIGESTIVE_TRACT,NA,Male,NA,upper_aerodigestive,NA,X,NA,0.420953418,0.70298235,-3.768893219,NA,NA
ACH-000416,NCIH838_LUNG,910399,Male,59,lung,Y-,X,Male_X0,0.001131273,0.612422432,4.368489938,NA,NA
ACH-000417,PANC0813_PANCREAS,925347,Male,85,pancreas,Y-,X,Male_X0,0.000240601,0.484905009,4.15137382,NA,NA
ACH-000420,SNU449_LIVER,909738,Male,52,liver,Y-,X,Male_X0,0.050325494,0.807218719,0.223363497,NA,NA
ACH-000421,SW837_LARGE_INTESTINE,909755,Male,53,colorectal,Y-,X,Male_X0,2.65E-09,0.694742413,2.519320309,NA,NA
ACH-000422,SNU475_LIVER,909739,Male,43,liver,Y+,X,Male_XY,0.46050781,0.738702194,-6.882607295,NA,NA
ACH-000424,TC71_BONE,1240221,Male,22,bone,Y+,X,Male_XY,0.33628831,0.639523067,-8.186916756,NA,NA
ACH-000397,TEN_ENDOMETRIUM,NA,Female,74,uterus,Y-,X,Female_X0,0.000123573,0.67448852,4.272413251,0,NA
ACH-000427,NCIN87_STOMACH,908461,Male,NA,gastric,Y+,X,Male_XY,0.592131889,0.613645189,-9.558384687,NA,NA
ACH-000431,NCIH1694_LUNG,688006,Male,61,lung,Y-,XX,Male_XX,0.014278268,0.908931813,4.235837546,NA,NA
ACH-000433,CAKI1_KIDNEY,905963,Male,49,kidney,Y-,X,Male_X0,0.032381932,0.766284748,4.148082127,NA,NA
ACH-000426,KMS20_HAEMATOPOIETIC_AND_LYMPHOID_TISSUE,NA,Female,65,plasma_cell,Y-,X,Female_X0,0.021296276,0.707744866,NA,0,NA
ACH-000434,NCIH1915_LUNG,1240184,Female,61,lung,Y-,X,Female_X0,1.33E-05,0.533904998,4.161776976,0,NA
ACH-000437,SW1088_CENTRAL_NERVOUS_SYSTEM,909745,Male,72,central_nervous_system,Y+,X,Male_XY,0.633294176,0.679675688,-9.584823475,NA,NA
ACH-000438,LU65_LUNG,724863,Male,64,lung,Y-,X,Male_X0,0.006416809,0.659537652,4.09819351,NA,NA
ACH-000435,EFE184_ENDOMETRIUM,NA,Female,69,uterus,Y-,X,Female_X0,0.015012405,0.70675139,4.284100879,0,NA
ACH-000444,LU99_LUNG,NA,Male,63,lung,Y-,X,Male_X0,0.015368113,0.535431385,4.319105124,NA,NA
ACH-000445,KNS60_CENTRAL_NERVOUS_SYSTEM,NA,Male,55,central_nervous_system,Y-,X,Male_X0,0.008694608,0.591616363,4.167317317,NA,NA
ACH-000448,NCIH1666_LUNG,908473,Female,50,lung,Y-,XX,Female_XXhet,0.019985285,0.90139904,4.248658493,0.411670389,NA
ACH-000441,SH4_SKIN,909713,Female,60,skin,Y-,X,Female_X0,1.75E-05,0.675916748,3.98521484,0,NA
ACH-000452,TE8_OESOPHAGUS,753623,Male,NA,esophagus,Y-,X,Male_X0,2.53E-07,0.669329832,2.642033435,NA,NA
ACH-000454,HCC95_LUNG,NA,Male,65,lung,Y-,X,Male_X0,0.00759303,0.578994067,4.177484972,NA,NA
ACH-000455,LN428_CENTRAL_NERVOUS_SYSTEM,NA,Male,NA,central_nervous_system,Y+,XX,Male_XXY,0.69522675,0.826979275,-8.933566949,NA,NA
ACH-000450,MELHO_SKIN,908124,Female,NA,skin,Y-,X,Female_X0,1.90E-09,0.612331519,4.175763278,0,NA
ACH-000459,TUHR10TKB_KIDNEY,NA,Male,69,kidney,Y+,X,Male_XY,0.626301639,0.645587974,-9.388085331,NA,NA
ACH-000460,SNU8_OVARY,NA,Female,55,ovary,Y-,X,Female_X0,6.06E-06,0.684207383,4.117762354,NA,NA
ACH-000463,NCIH460_LUNG,905943,Male,NA,lung,Y+,XX,Male_XXY,0.768749213,0.842946535,-9.636939896,NA,NA
ACH-000464,CAS1_CENTRAL_NERVOUS_SYSTEM,910943,Male,63,central_nervous_system,Y+,X,Male_XY,0.569858444,0.636969889,-7.984427666,NA,NA
ACH-000456,BCPAP_THYROID,924104,Female,76,thyroid,Y-,X,Female_X0,2.64E-06,0.682434289,3.914325602,0,NA
ACH-000469,YH13_CENTRAL_NERVOUS_SYSTEM,909905,Male,40,central_nervous_system,Y-,X,Male_X0,2.93E-09,0.536464085,2.161423961,NA,NA
ACH-000470,SW1463_LARGE_INTESTINE,909748,Female,66,colorectal,Y-,XX,Female_XXhet,2.20E-09,0.865857266,1.983858322,0.376395808,NA
ACH-000471,LI7_LIVER,NA,Male,45,liver,Y-,X,Male_X0,0.005866797,0.763782096,4.006734116,NA,NA
ACH-000472,HSC2_UPPER_AERODIGESTIVE_TRACT,753562,Male,69,upper_aerodigestive,NA,X,NA,0.228181713,0.664676222,-3.077505696,NA,NA
ACH-000473,RT112_URINARY_TRACT,909704,Female,NA,urinary_tract,Y-,XX,Female_XXhet,0.013692862,1.055376526,4.216283132,0.432170876,NA
ACH-000475,HUH1_LIVER,1298146,Male,53,liver,Y+,X,Male_XY,0.420513782,0.705055043,-7.305339927,NA,NA
ACH-000476,JHH4_LIVER,1240158,Male,51,liver,Y-,X,Male_X0,0.00011516,0.578474576,4.246204506,NA,NA
ACH-000477,MALME3M_SKIN,NA,Male,43,skin,Y+,X,Male_XY,0.574791066,0.633997942,-8.155809559,NA,NA
ACH-000478,SNU387_LIVER,909736,Female,41,liver,Y-,XX,Female_XXhet,0.011859596,1.117234713,3.936445288,0.207982592,NA
ACH-000480,HUH7_LIVER,907071,Male,57,liver,Y-,X,Male_X0,1.67E-09,0.675653974,3.993456538,NA,NA
ACH-000481,NCIH2170_LUNG,687815,Male,NA,lung,Y-,X,Male_X0,0.016385132,0.806201104,4.240647182,NA,NA
ACH-000483,SNU182_LIVER,1240216,Male,24,liver,Y+,XX,Male_XXY,0.655471883,0.85388085,-9.716589247,NA,NA
ACH-000484,VMRCRCW_KIDNEY,1240224,Male,NA,kidney,Y+,X,Male_XY,0.571108703,0.569524202,-10.10908185,NA,NA
ACH-000485,GSU_STOMACH,NA,Male,37,gastric,Y-,X,Male_X0,0.00461725,0.740799684,4.223216666,NA,NA
ACH-000486,KU1919_URINARY_TRACT,907312,Male,76,urinary_tract,Y-,X,Male_X0,0.005179924,0.643724609,2.822128771,NA,NA
ACH-000487,F36P_HAEMATOPOIETIC_AND_LYMPHOID_TISSUE,NA,Male,68,blood,Y+,X,Male_XY,0.553392745,0.608829227,-9.121518555,NA,NA
ACH-000488,TE11_OESOPHAGUS,946354,Male,58,esophagus,Y-,X,Male_X0,0.010722403,0.731791995,4.417671924,NA,NA
ACH-000489,SW1116_LARGE_INTESTINE,909746,Male,73,colorectal,NA,X,NA,0.538580939,0.723490763,-2.0766241,NA,NA
ACH-000490,SF767_CENTRAL_NERVOUS_SYSTEM,NA,Female,NA,central_nervous_system,Y-,XX,Female_XXhet,0.000141849,0.970770986,4.137936505,NA,NA
ACH-000491,NCIH716_LARGE_INTESTINE,908458,Male,33,colorectal,Y-,X,Male_X0,4.28E-09,0.654808721,4.076441571,NA,NA
ACH-000493,SNU423_LIVER,909737,Male,40,liver,Y+,XX,Male_XXY,0.461489084,1.026022128,-6.189866532,NA,NA
ACH-000495,TUHR4TKB_KIDNEY,NA,Male,60,kidney,Y-,X,Male_X0,0.000201825,0.699838656,2.798705156,NA,NA
ACH-000496,NCIH1792_LUNG,724868,Male,50,lung,Y-,X,Male_X0,0.004392816,0.699604744,4.134888256,NA,NA
ACH-000498,KO52_HAEMATOPOIETIC_AND_LYMPHOID_TISSUE,1330932,Male,46,blood,Y+,X,Male_XY,0.613527751,0.573388265,-9.979842275,NA,NA
ACH-000499,EW8_BONE,NA,Male,NA,bone,Y+,X,Male_XY,1.179663312,0.70820742,-12.19524913,NA,NA
ACH-000500,SNU46_UPPER_AERODIGESTIVE_TRACT,NA,Male,66,upper_aerodigestive,NA,X,NA,0.071197578,0.616415649,-2.509702353,NA,NA
ACH-000466,SNU216_STOMACH,NA,Female,46,gastric,Y-,X,Female_X0,0.000167937,0.618145696,2.39210366,0,NA
ACH-000503,BICR16_UPPER_AERODIGESTIVE_TRACT,NA,Male,NA,upper_aerodigestive,Y-,X,Male_X0,4.25E-05,0.693078519,4.079776322,NA,NA
ACH-000504,SNB75_CENTRAL_NERVOUS_SYSTEM,905982,Female,NA,central_nervous_system,Y-,X,Female_X0,0.000479786,0.734975373,3.917513193,NA,NA
ACH-000502,TCCPAN2_PANCREAS,NA,Female,68,pancreas,Y-,X,Female_X0,0.006787935,0.392622166,3.383423144,0,NA
ACH-000507,KE39_STOMACH,NA,Male,77,gastric,Y-,X,Male_X0,0.00619077,0.770513584,4.312162222,NA,NA
ACH-000510,NCIH1299_LUNG,724831,Male,43,lung,Y-,X,Male_X0,0.056604608,0.709821748,4.322000141,NA,NA
ACH-000511,CALU1_LUNG,NA,Male,47,lung,Y-,XX,Male_XX,0.016137034,0.848515545,4.00172404,NA,NA
ACH-000512,INA6_HAEMATOPOIETIC_AND_LYMPHOID_TISSUE,NA,Male,NA,plasma_cell,Y+,X,Male_XY,0.507404155,0.655105636,-8.520609485,NA,NA
ACH-000514,NCIH1092_LUNG,687997,Male,67,lung,Y+,XX,Male_XXY,0.407167743,0.825374983,-8.59589968,NA,NA
ACH-000516,CAL78_BONE,1290765,Male,76,bone,Y+,X,Male_XY,0.505277826,0.745398228,-8.300901797,NA,NA
ACH-000517,SNU410_PANCREAS,NA,Male,53,pancreas,Y-,X,Male_X0,0.017494609,0.752050657,4.501253527,NA,NA
ACH-000518,CAL33_UPPER_AERODIGESTIVE_TRACT,753541,Male,69,upper_aerodigestive,Y+,X,Male_XY,0.897916086,0.580175834,-10.79314803,NA,NA
ACH-000505,RKN_SOFT_TISSUE,1298539,Female,45,soft_tissue,Y-,X,Female_X0,0.005309152,0.616752499,4.073038392,0,NA
ACH-000521,NCIH2030_LUNG,722045,Male,NA,lung,NA,X,NA,0.253476508,0.654096466,-3.048793712,NA,NA
ACH-000522,UMUC3_URINARY_TRACT,724838,Male,NA,urinary_tract,Y-,X,Male_X0,6.11E-05,0.61066594,3.716482238,NA,NA
ACH-000520,59M_OVARY,NA,Female,NA,ovary,Y-,X,Female_X0,0.021461452,0.749641602,4.180326643,0,NA
ACH-000525,NCIH2171_LUNG,688015,Male,50,lung,Y+,X,Male_XY,0.651124855,0.631990333,-10.48611067,NA,NA
ACH-000524,KURAMOCHI_OVARY,909975,Female,NA,ovary,Y-,X,Female_X0,6.08E-06,0.460549923,4.095016488,0,NA
ACH-000528,ABC1_LUNG,906791,Male,47,lung,Y-,X,Male_X0,0.032497207,0.702693168,4.201290313,NA,NA
ACH-000527,OVISE_OVARY,1240198,Female,40,ovary,Y-,X,Female_X0,1.59E-05,0.731971426,4.067110756,0,NA
ACH-000537,SNU761_LIVER,NA,Male,49,liver,Y-,XX,Male_XX,0.000350009,0.917178826,3.71978398,NA,NA
ACH-000535,BXPC3_PANCREAS,906693,Female,61,pancreas,Y-,X,Female_X0,3.36E-05,0.635293364,4.179071848,0,NA
ACH-000541,KMS34_HAEMATOPOIETIC_AND_LYMPHOID_TISSUE,NA,Female,60,plasma_cell,Y-,X,Female_X0,0.003204165,0.637760486,4.270975429,0,NA
ACH-000544,OE21_OESOPHAGUS,1298359,Male,74,esophagus,NA,X,NA,0.284829113,0.522674434,-2.43997374,NA,NA
ACH-000545,VMCUB1_URINARY_TRACT,909780,Male,NA,urinary_tract,Y-,X,Male_X0,0.015984395,0.704171194,2.613088286,NA,NA
ACH-000547,HT1197_URINARY_TRACT,907065,Male,44,urinary_tract,Y+,X,Male_XY,0.864732668,0.690038195,-9.651917173,NA,NA
ACH-000548,BHY_UPPER_AERODIGESTIVE_TRACT,753535,Male,52,upper_aerodigestive,Y+,X,Male_XY,0.572418181,0.624672286,-7.418134123,NA,NA
ACH-000549,SNU1076_UPPER_AERODIGESTIVE_TRACT,NA,Male,60,upper_aerodigestive,Y+,X,Male_XY,0.876419518,0.661826407,-9.932244237,NA,NA
ACH-000550,IGR39_SKIN,NA,Male,26,skin,Y+,X,Male_XY,0.635216166,0.689096878,-9.585486152,NA,NA
ACH-000542,HEYA8_OVARY,NA,Female,NA,ovary,Y-,X,Female_X0,0.00132977,0.616953092,4.273525863,0,NA
ACH-000552,HT29_LARGE_INTESTINE,905939,Female,44,colorectal,Y-,XX,Female_XXhet,0.01190796,1.012503746,4.104828057,0.371070263,NA
ACH-000556,SIHA_CERVIX,930297,Female,NA,cervix,Y-,XX,Female_XXhet,5.70E-07,1.112080076,4.553227283,NA,NA
ACH-000551,K562_HAEMATOPOIETIC_AND_LYMPHOID_TISSUE,905940,Female,53,blood,Y-,X,Female_X0,0.000281602,0.730457234,4.150134548,0,NA
ACH-000559,NCIH1836_LUNG,1240182,Male,52,lung,NA,X,NA,0.091442695,0.793551776,-0.923555392,NA,NA
ACH-000563,EBC1_LUNG,753554,Male,69,lung,Y-,X,Male_X0,0.017962921,0.773053906,3.989111028,NA,NA
ACH-000567,ST486_HAEMATOPOIETIC_AND_LYMPHOID_TISSUE,910906,Female,NA,lymphocyte,Y-,XX,Female_XXhet,0.008175738,0.847366652,2.836458825,0.424325717,NA
ACH-000570,YKG1_CENTRAL_NERVOUS_SYSTEM,687592,Female,NA,central_nervous_system,Y-,XX,Female_XXhet,0.002921708,0.963123673,3.467171689,0.346389509,NA
ACH-000571,T98G_CENTRAL_NERVOUS_SYSTEM,687586,Male,61,central_nervous_system,Y+,X,Male_XY,0.657282837,0.627348652,-8.329817846,NA,NA
ACH-000573,MDAMB436_BREAST,1240172,Female,43,breast,Y-,XX,Female_XXhet,4.49E-06,1.09344288,4.261943904,0.250014316,NA
ACH-000576,KMS27_HAEMATOPOIETIC_AND_LYMPHOID_TISSUE,NA,Male,52,plasma_cell,NA,X,NA,0.345941695,0.584800114,-0.321465769,NA,NA
ACH-000577,JHH2_LIVER,1240157,Male,57,liver,Y+,XX,Male_XXY,1.041699241,0.834195465,-11.2190854,NA,NA
ACH-000580,C32_SKIN,906830,Male,53,skin,Y+,X,Male_XY,NA,0.593008413,-9.161571929,NA,NA
ACH-000581,SNU16_STOMACH,908446,Female,33,gastric,Y-,XX,Female_XXhet,0.035954212,1.101790119,4.374595705,0.289011052,NA
ACH-000583,MC116_HAEMATOPOIETIC_AND_LYMPHOID_TISSUE,907799,Male,NA,lymphocyte,Y+,X,Male_XY,0.52458999,0.55045125,-6.830534255,NA,NA
ACH-000557,AML193_HAEMATOPOIETIC_AND_LYMPHOID_TISSUE,NA,Female,13,blood,Y-,X,Female_X0,0.008838622,0.630989267,3.495404949,0,NA
ACH-000585,EPLC272H_LUNG,753556,Male,57,lung,Y-,X,Male_X0,9.10E-05,0.657410526,3.990817624,NA,NA
ACH-000587,NCIH1975_LUNG,924244,Female,NA,lung,Y-,XXhom,Female_XXhom,0.017220283,0.867973967,4.31762812,0,NA
ACH-000588,KMS26_HAEMATOPOIETIC_AND_LYMPHOID_TISSUE,NA,Male,50,plasma_cell,NA,X,NA,0.354615082,0.649876939,-2.521114295,NA,NA
ACH-000589,NCIH1437_LUNG,687794,Male,60,lung,Y-,XX,Male_XX,0.00515307,0.851629981,4.157440566,NA,NA
ACH-000591,LN235_CENTRAL_NERVOUS_SYSTEM,NA,Male,38,central_nervous_system,Y+,X,Male_XY,0.760264458,0.745271425,-10.3107326,NA,NA
ACH-000584,JHOS4_OVARY,1480359,Female,44,ovary,Y-,X,Female_X0,0.01796779,0.720076902,3.842327891,0,NA
ACH-000593,BC3C_URINARY_TRACT,NA,Female,82,urinary_tract,Y-,X,Female_X0,0.000228704,0.651755562,4.013399057,0,NA
ACH-000595,LN229_CENTRAL_NERVOUS_SYSTEM,1240169,Female,60,central_nervous_system,Y-,XX,Female_XXhet,0.013800027,0.957323878,4.135800354,0.369581401,NA
ACH-000596,LCLC97TM1_LUNG,946361,Male,44,lung,NA,X,NA,0.06452234,0.443711805,-2.847768905,NA,NA
ACH-000599,PATU8902_PANCREAS,1298526,Female,44,pancreas,Y-,X,Female_X0,0.000288574,0.638403358,4.24214165,0,NA
ACH-000601,MIAPACA2_PANCREAS,724870,Male,65,pancreas,Y-,XX,Male_XX,0.002896222,0.892989722,4.226950775,NA,NA
ACH-000602,M07E_HAEMATOPOIETIC_AND_LYMPHOID_TISSUE,NA,Female,0.5,blood,Y-,XX,Female_XXhet,0.013657537,0.94864948,4.021498717,0.452385043,NA
ACH-000604,KYO1_HAEMATOPOIETIC_AND_LYMPHOID_TISSUE,NA,Male,22,blood,Y-,X,Male_X0,0.000184114,0.635616065,3.207679204,NA,NA
ACH-000605,TE6_OESOPHAGUS,946355,Male,NA,esophagus,Y-,X,Male_X0,3.39E-05,0.470567717,3.483483004,NA,NA
ACH-000606,PECAPJ34CLONEC12_UPPER_AERODIGESTIVE_TRACT,NA,Male,60,upper_aerodigestive,Y-,X,Male_X0,1.53E-05,0.546827942,3.750072388,NA,NA
ACH-000607,KYM1_SOFT_TISSUE,1240166,Male,1,soft_tissue,Y-,X,Male_X0,0.015305546,0.635993835,4.137562678,NA,NA
ACH-000608,COV644_OVARY,NA,Female,NA,ovary,Y-,XX,Female_XXhet,0.014655024,0.898045475,2.870799694,0.160109947,NA
ACH-000614,RVH421_SKIN,909706,Male,28,skin,Y+,X,Male_XY,0.437368609,0.677827575,-7.955523173,NA,NA
ACH-000616,HS746T_STOMACH,1240151,Male,74,gastric,Y+,X,Male_XY,0.332487351,0.695086526,-5.755093858,NA,NA
ACH-000618,SNU1041_UPPER_AERODIGESTIVE_TRACT,NA,Male,NA,upper_aerodigestive,Y-,X,Male_X0,0.000101925,0.609471255,4.070856156,NA,NA
ACH-000619,PECAPJ15_UPPER_AERODIGESTIVE_TRACT,1240207,Male,45,upper_aerodigestive,Y+,X,Male_XY,0.583378244,0.603574204,-6.44048305,NA,NA
ACH-000620,JHH1_LIVER,1298151,Male,50,liver,Y-,X,Male_X0,0.007284249,0.651282885,4.269002041,NA,NA
ACH-000621,MDAMB157_BREAST,925338,Female,44,breast,Y-,XX,Female_XXhet,0.016258135,1.321913454,4.122511372,0.312661055,NA
ACH-000622,KNS42_CENTRAL_NERVOUS_SYSTEM,907282,Male,16,central_nervous_system,Y-,X,Male_X0,0.007559898,0.638190503,3.319531423,NA,NA
ACH-000623,SNU201_CENTRAL_NERVOUS_SYSTEM,NA,Male,58,central_nervous_system,Y+,X,Male_XY,0.620506477,0.692213928,-9.53260677,NA,NA
ACH-000624,HCC1806_BREAST,907047,Female,60,breast,Y-,X,Female_X0,2.52E-06,0.510731217,3.998599578,0,NA
ACH-000627,LCLC103H_LUNG,753586,Male,61,lung,Y+,X,Male_XY,0.396634345,0.780360306,-7.327117341,NA,NA
ACH-000630,YD8_UPPER_AERODIGESTIVE_TRACT,NA,Female,46,upper_aerodigestive,Y-,XX,Female_XXhet,0.031182077,1.401186319,3.544065696,0.191719636,NA
ACH-000632,HS944T_SKIN,NA,Male,51,skin,Y+,X,Male_XY,0.495059912,0.78025751,-8.014443338,NA,NA
ACH-000633,FU97_STOMACH,1290806,Female,66,gastric,Y-,XX,Female_XXhet,0.01621585,0.961600131,4.169514053,0.150947718,NA
ACH-000634,LN340_CENTRAL_NERVOUS_SYSTEM,NA,Male,NA,central_nervous_system,Y+,X,Male_XY,0.632405719,0.702190851,-9.679142889,NA,NA
ACH-000637,KYSE520_OESOPHAGUS,753575,Female,58,esophagus,Y-,X,Female_X0,0.015746008,0.642111858,4.177184076,0,NA
ACH-000638,NCIH441_LUNG,908460,Male,NA,lung,NA,X,NA,0.267574399,0.621244745,0.105369969,NA,NA
ACH-000639,NCIH211_LUNG,1240189,Female,50,lung,Y-,XXhom,Female_XXhom,0.016123743,0.887354558,4.171340871,0,NA
ACH-000645,JL1_PLEURA,NA,Male,54,lung,Y+,X,Male_XY,0.599607359,0.604792869,-8.465692187,NA,NA
ACH-000646,OVMANA_OVARY,NA,Female,51,ovary,Y-,X,Female_X0,0.004236006,0.61947022,4.191319919,0,NA
ACH-000647,TE1_OESOPHAGUS,753621,Male,NA,esophagus,Y-,X,Male_X0,0.007605253,0.7698671,4.082609065,NA,NA
ACH-000648,NCIH28_PLEURA,908470,Male,48,lung,Y+,X,Male_XY,0.579818286,0.665210039,-9.272673479,NA,NA
ACH-000649,786O_KIDNEY,905947,Male,58,kidney,Y+,X,Male_XY,0.74362672,0.667029482,-10.49750706,NA,NA
ACH-000651,SW620_LARGE_INTESTINE,905962,Male,51,colorectal,Y-,X,Male_X0,2.65E-09,0.78769158,4.235142532,NA,NA
ACH-000652,SUIT2_PANCREAS,1240219,Male,73,pancreas,Y-,X,Male_X0,0.006148834,0.743341585,2.710857174,NA,NA
ACH-000653,JJN3_HAEMATOPOIETIC_AND_LYMPHOID_TISSUE,1327766,Female,57,plasma_cell,Y-,X,Female_X0,0.00039846,0.528416348,4.117100347,NA,NA
ACH-000654,RAJI_HAEMATOPOIETIC_AND_LYMPHOID_TISSUE,909262,Male,12,lymphocyte,Y+,X,Male_XY,0.565492002,0.5762971,-10.14578387,NA,NA
ACH-000655,SF268_CENTRAL_NERVOUS_SYSTEM,905986,Miss_classification,NA,central_nervous_system,Y+,X,NA,0.455315171,0.754399737,-6.69210419,NA,NA
ACH-000657,A2780_OVARY,906804,Female,NA,ovary,Y-,XX,Female_XXhet,0.014939197,1.063493065,4.336430084,0.33298975,NA
ACH-000658,KMS18_HAEMATOPOIETIC_AND_LYMPHOID_TISSUE,NA,Male,58,plasma_cell,Y-,XX,Male_XX,0.118963025,1.018900787,NA,NA,NA
ACH-000661,WM1799_SKIN,NA,Male,NA,skin,Y+,X,Male_XY,0.845134728,0.521994167,-11.46347989,NA,NA
ACH-000662,CORL23_LUNG,687780,Male,62,lung,Y-,XX,Male_XX,0.007383676,0.909488001,3.506912206,NA,NA
ACH-000663,OVTOKO_OVARY,1298365,Female,78,ovary,Y-,X,Female_X0,0.005583275,0.662451663,4.286523209,0,NA
ACH-000664,SUDHL1_HAEMATOPOIETIC_AND_LYMPHOID_TISSUE,909742,Male,10,lymphocyte,Y+,X,Male_XY,0.38921001,0.719016125,-7.594922769,NA,NA
ACH-000665,SKMES1_LUNG,909728,Male,65,lung,NA,XX,NA,0.761791418,0.831926695,-2.833371459,NA,NA
ACH-000667,HCC44_LUNG,1240145,Female,54,lung,Y-,X,Female_X0,0.013925608,0.698259399,4.344287331,0,NA
ACH-000671,HUH6_LIVER,NA,Male,NA,liver,Y+,X,Male_XY,0.744449511,0.592472302,-8.701533731,NA,NA
ACH-000676,LN464_CENTRAL_NERVOUS_SYSTEM,NA,Male,NA,central_nervous_system,Y-,X,Male_X0,1.95E-07,0.62762109,4.362016028,NA,NA
ACH-000677,SW1573_LUNG,724878,Female,44,lung,Y-,X,Female_X0,0.003187342,0.608720279,2.757118065,0,NA
ACH-000680,SW948_LARGE_INTESTINE,909757,Female,81,colorectal,Y-,XX,Female_XXhet,0.006356248,1.11135133,4.168767236,0.292103304,NA
ACH-000681,A549_LUNG,905949,Male,52,lung,NA,XX,NA,0.003824594,0.838714158,-8.317497614,NA,NA
ACH-000682,SNU1066_UPPER_AERODIGESTIVE_TRACT,NA,Male,62,upper_aerodigestive,Y+,X,Male_XY,0.485184048,0.690810838,-7.602734713,NA,NA
ACH-000683,SNU503_LARGE_INTESTINE,NA,Male,52,colorectal,Y-,X,Male_X0,0.000205982,0.515342959,3.891274161,NA,NA
ACH-000684,KMRC1_KIDNEY,1298168,Male,NA,kidney,Y-,X,Male_X0,7.00E-07,0.599334745,4.044582429,NA,NA
ACH-000685,L33_PANCREAS,NA,Female,NA,pancreas,Y-,X,Female_X0,0.021810452,0.575346634,4.357278122,0,NA
ACH-000688,OV7_OVARY,1480360,Female,78,ovary,Y-,XX,Female_XXhet,0.012409035,1.078653379,4.044315552,0.388822081,NA
ACH-000693,KYSE180_OESOPHAGUS,907318,Male,53,esophagus,Y-,X,Male_X0,0.014969059,0.654850112,4.339266975,NA,NA
ACH-000694,TE9_OESOPHAGUS,946353,Male,NA,esophagus,Y-,X,Male_X0,0.000120143,0.632299059,3.969971461,NA,NA
ACH-000695,CORL47_LUNG,NA,Male,67,lung,Y+,X,Male_XY,0.607168152,0.546056268,-9.915292321,NA,NA
ACH-000696,OVCAR8_OVARY,905991,Female,64,ovary,Y-,X,Female_X0,0.002669359,0.579980787,4.177261531,0,NA
ACH-000697,A3KAW_HAEMATOPOIETIC_AND_LYMPHOID_TISSUE,910935,Female,NA,lymphocyte,Y-,XXhom,Female_XXhom,0.017839663,0.831338143,4.136689219,0,NA
ACH-000698,DMS53_LUNG,907295,Male,54,lung,Y-,XX,Male_XX,0.04738258,0.850057118,4.148590739,NA,NA
ACH-000699,HCC1395_BREAST,749712,Female,43,breast,Y-,X,Female_X0,0.019267538,0.640979982,3.999971148,0,NA
ACH-000700,NCIH2882_LUNG,NA,Female,NA,lung,Y-,XX,Female_XXhet,0.000916203,1.10641828,4.456183545,NA,NA
ACH-000701,RMUGS_OVARY,NA,Female,62,ovary,Y-,XX,Female_XXhet,0.012138425,1.008496077,4.206461557,0.341636603,NA
ACH-000702,L1236_HAEMATOPOIETIC_AND_LYMPHOID_TISSUE,1330935,Male,34,lymphocyte,NA,X,NA,0.163180393,0.775516951,-1.006398473,NA,NA
ACH-000706,EKVX_LUNG,905970,Male,NA,lung,NA,X,NA,0.448005026,0.663367323,-3.366923528,NA,NA
ACH-000709,KMRC2_KIDNEY,NA,Male,NA,kidney,Y-,X,Male_X0,0.013543057,0.646368039,4.107754714,NA,NA
ACH-000711,JIMT1_BREAST,1298157,Female,62,breast,Y-,NA,NA,0.013964559,0.80822149,4.232338766,0.046727366,NA
ACH-000713,CAOV3_OVARY,906825,Female,54,ovary,Y-,X,Female_X0,0.010144084,0.7625639,4.177139962,0,NA
ACH-000714,KMS11_HAEMATOPOIETIC_AND_LYMPHOID_TISSUE,1659817,Female,67,plasma_cell,Y-,X,Female_X0,0.014823513,0.779153227,4.151569943,0,NA
ACH-000716,TT2609C02_THYROID,1240223,Male,57,thyroid,Y+,X,Male_XY,0.64733763,0.664826434,-9.517523893,NA,NA
ACH-000718,NCIH2291_LUNG,724874,Male,NA,lung,Y+,X,Male_XY,0.299749626,0.652030038,-5.559160697,NA,NA
ACH-000719,RMGI_OVARY,909699,Female,34,ovary,Y-,X,Female_X0,0.001072537,0.628376125,4.275905635,0,NA
ACH-000720,TCCSUP_URINARY_TRACT,687459,Female,67,urinary_tract,Y-,X,Female_X0,0.000265211,0.65991124,4.095620338,0,NA
ACH-000721,HMC18_BREAST,NA,Female,35,breast,Y-,X,Female_X0,0.002655062,0.658177885,4.162792475,NA,NA
ACH-000724,HT1376_URINARY_TRACT,907066,Female,58,urinary_tract,Y-,X,Female_X0,0.009086876,0.775940464,4.28313796,0,NA
ACH-000725,HCC202_BREAST,1290906,Female,82,breast,Y-,XX,Female_XXhet,0.013682664,1.107594315,4.075139627,0.25969192,NA
ACH-000732,PECAPJ41CLONED2_UPPER_AERODIGESTIVE_TRACT,NA,Female,67,upper_aerodigestive,Y-,XX,Female_XXhet,0.000273174,0.941461972,4.097213309,0.403596175,NA
ACH-000734,JHH5_LIVER,NA,Male,50,liver,Y+,X,Male_XY,0.512773524,0.540221095,-9.069106217,NA,NA
ACH-000735,PECAPJ49_UPPER_AERODIGESTIVE_TRACT,NA,Male,57,upper_aerodigestive,Y-,X,Male_X0,0.000257501,0.59834905,4.058784137,NA,NA
ACH-000736,SNU601_STOMACH,NA,Male,34,gastric,Y+,X,Male_XY,0.638764211,0.688810542,-7.398497043,NA,NA
ACH-000738,GB1_CENTRAL_NERVOUS_SYSTEM,687568,Male,35,central_nervous_system,Y-,XX,Male_XX,0.011283952,0.842619782,1.93093477,NA,NA
ACH-000739,HEPG2_LIVER,NA,Male,15,liver,Y+,X,Male_XY,0.508220112,0.55732518,-8.087644945,NA,NA
ACH-000740,A253_SALIVARY_GLAND,906794,Male,54,upper_aerodigestive,Y-,X,Male_X0,0.000131983,0.670520966,4.180863969,NA,NA
ACH-000741,UBLC1_URINARY_TRACT,NA,Female,NA,urinary_tract,Y-,XX,Female_XXhet,0.000539472,0.976751575,3.127901361,NA,NA
ACH-000746,GSS_STOMACH,NA,Male,75,gastric,Y-,XX,Male_XX,0.011410743,0.834132469,3.978289673,NA,NA
ACH-000747,NCIH1703_LUNG,908474,Male,54,lung,Y+,X,Male_XY,0.487268643,0.804080998,-8.850563279,NA,NA
ACH-000748,SJSA1_BONE,909717,Male,19,bone,Y+,X,Male_XY,0.58842848,0.585151575,-10.26621598,NA,NA
ACH-000753,JMSU1_URINARY_TRACT,NA,Male,75,urinary_tract,Y-,X,Male_X0,0.000946871,0.514627042,4.060483218,NA,NA
ACH-000754,L428_HAEMATOPOIETIC_AND_LYMPHOID_TISSUE,907322,Female,37,lymphocyte,Y-,XX,Female_XXhet,0.000223836,0.97051419,4.019673695,0.418198477,NA
ACH-000756,GI1_CENTRAL_NERVOUS_SYSTEM,906871,Male,61,central_nervous_system,Y+,X,Male_XY,0.66066076,0.567611357,-9.942164502,NA,NA
ACH-000757,A427_LUNG,910851,Male,NA,lung,NA,X,NA,0.105432185,0.721027911,-2.157227394,NA,NA
ACH-000758,MKN74_STOMACH,NA,Male,37,gastric,Y-,X,Male_X0,0.018155888,0.789914328,4.154424778,NA,NA
ACH-000762,YD38_UPPER_AERODIGESTIVE_TRACT,NA,Male,67,upper_aerodigestive,Y-,X,Male_X0,0.00831477,0.651922502,2.7487982,NA,NA
ACH-000763,MM1S_HAEMATOPOIETIC_AND_LYMPHOID_TISSUE,1659818,Female,NA,plasma_cell,Y-,XX,Female_XXhet,0.005126392,0.958131058,4.478640969,0.336883697,NA
ACH-000765,WM983B_SKIN,NA,Male,NA,skin,Y+,X,Male_XY,0.481699525,0.507178858,-8.059459449,NA,NA
ACH-000766,NCIH1648_LUNG,687799,Male,39,lung,Y+,X,Male_XY,0.540213329,0.609953894,-8.942877758,NA,NA
ACH-000767,NCIH526_LUNG,688025,Male,55,lung,Y+,X,Male_XY,0.410295683,0.787844655,-7.64386116,NA,NA
ACH-000768,MDAMB231_BREAST,905960,Female,51,breast,Y-,XX,Female_XXhet,0.008518186,0.863177434,4.237654743,0.117620111,NA
ACH-000769,LK2_LUNG,687787,Male,NA,lung,Y-,X,Male_X0,0.02111777,0.546862331,4.159001979,NA,NA
ACH-000770,P31FUJ_HAEMATOPOIETIC_AND_LYMPHOID_TISSUE,909253,Male,NA,blood,Y+,X,Male_XY,0.551659497,0.561889088,-9.278742966,NA,NA
ACH-000771,BICR56_UPPER_AERODIGESTIVE_TRACT,NA,Female,NA,upper_aerodigestive,Y-,XX,Female_XXhet,0.002919117,0.966636671,4.076633119,0.419286491,NA
ACH-000773,KIJK_HAEMATOPOIETIC_AND_LYMPHOID_TISSUE,NA,Male,15,lymphocyte,Y+,X,Male_XY,0.364246732,0.611009102,-7.417899848,NA,NA
ACH-000774,RERFLCAD2_LUNG,NA,Male,NA,lung,Y+,X,Male_XY,0.624048075,0.650995886,-8.128429384,NA,NA
ACH-000775,NCIH727_LUNG,724855,Female,65,lung,Y-,NA,NA,1.95E-09,0.739979463,4.009135035,0.183530894,NA
ACH-000776,ONS76_CENTRAL_NERVOUS_SYSTEM,909248,Female,2,central_nervous_system,Y-,X,Female_X0,0.010398558,0.775330501,4.273737832,0,NA
ACH-000777,KYSE30_OESOPHAGUS,NA,Male,64,esophagus,Y-,X,Male_X0,0.008893314,0.6705529,3.412369128,NA,NA
ACH-000778,HSC3_UPPER_AERODIGESTIVE_TRACT,907061,Male,64,upper_aerodigestive,Y+,X,Male_XY,0.48344145,0.675179635,-7.946101786,NA,NA
ACH-000781,NCIH2023_LUNG,1240187,Male,26,lung,Y-,X,Male_X0,1.07E-06,0.483714557,3.838989431,NA,NA
ACH-000782,SEM_HAEMATOPOIETIC_AND_LYMPHOID_TISSUE,NA,Female,5,blood,Y-,XX,Female_XXhet,0.002467149,0.910638391,4.266924867,0.393288667,NA
ACH-000783,CAMA1_BREAST,946382,Female,51,breast,Y-,X,Female_X0,0.006549954,0.688674974,4.100535967,0,NA
ACH-000784,KYSE70_OESOPHAGUS,753576,Male,77,esophagus,Y-,XX,Male_XX,0.001911598,0.885330298,4.14815878,NA,NA
ACH-000785,NCIH2126_LUNG,NA,Male,65,lung,NA,X,NA,0.380669451,0.715043609,1.409154568,NA,NA
ACH-000787,LXF289_LUNG,753592,Male,63,lung,NA,X,NA,0.419307451,0.619403642,-3.374101128,NA,NA
ACH-000788,A2058_SKIN,906792,Male,43,skin,Y+,X,Male_XY,0.536071775,0.555520238,-8.981351054,NA,NA
ACH-000790,SHP77_LUNG,724872,Male,54,lung,Y-,X,Male_X0,0.019224184,0.680721093,4.132650527,NA,NA
ACH-000791,RERFLCAD1_LUNG,NA,Male,70,lung,Y-,X,Male_X0,0.000491722,0.521471813,3.983247012,NA,NA
ACH-000792,BFTC909_KIDNEY,910698,Male,64,kidney,Y-,X,Male_X0,0.009517407,0.696550684,4.108889976,NA,NA
ACH-000793,KATOIII_STOMACH,907276,Male,55,gastric,Y-,XX,Male_XX,0.003349071,0.933528964,4.167109456,NA,NA
ACH-000794,BICR22_UPPER_AERODIGESTIVE_TRACT,1240121,Male,NA,upper_aerodigestive,Y-,X,Male_X0,3.14E-08,0.533859215,4.134541723,NA,NA
ACH-000796,MCAS_OVARY,NA,Female,NA,ovary,Y-,X,Female_X0,0.000185829,0.653218331,4.129635695,0,NA
ACH-000799,HS695T_SKIN,NA,Male,26,skin,Y+,X,Male_XY,0.485977402,0.662827822,-9.084203043,NA,NA
ACH-000800,NCIH446_LUNG,688023,Male,61,lung,Y+,X,Male_XY,0.305130263,0.702973695,-7.27819303,NA,NA
ACH-000801,HS936T_SKIN,NA,Male,NA,skin,Y+,X,Male_XY,0.725699671,0.713552413,-10.31066221,NA,NA
ACH-000802,BFTC905_URINARY_TRACT,910926,Female,51,urinary_tract,Y-,X,Female_X0,1.09E-07,0.589046664,4.179559446,0,NA
ACH-000804,NB1_AUTONOMIC_GANGLIA,949179,Male,2,peripheral_nervous_system,Y-,X,Male_X0,1.97E-05,0.751525724,4.118205138,NA,NA
ACH-000805,COLO679_SKIN,906818,Female,47,skin,Y-,XX,Female_XXhet,1.26E-09,0.915413835,3.898005873,0.390024623,NA
ACH-000807,SNU738_CENTRAL_NERVOUS_SYSTEM,NA,Male,40,central_nervous_system,Y-,X,Male_X0,0.004463118,0.754400224,3.986670257,NA,NA
ACH-000809,KYSE410_OESOPHAGUS,753574,Male,51,esophagus,Y-,X,Male_X0,0.0038765,0.615859876,4.133675866,NA,NA
ACH-000810,SKMEL30_SKIN,909726,Male,67,skin,NA,X,NA,0.550561674,0.634558561,-3.428885763,NA,NA
ACH-000811,SKOV3_OVARY,905959,Female,64,ovary,Y-,XX,Female_XXhet,0.014688486,1.051028519,4.015521532,0.423867606,NA
ACH-000814,HS939T_SKIN,1298144,Female,24,skin,Y-,XX,Female_XXhet,0.000270174,0.953537416,4.056658888,0.383553799,NA
ACH-000817,RPMI8226_HAEMATOPOIETIC_AND_LYMPHOID_TISSUE,905964,Male,61,plasma_cell,Y+,X,Male_XY,0.451825142,0.743717279,-7.462561253,NA,NA
ACH-000819,LN18_CENTRAL_NERVOUS_SYSTEM,1240168,Male,65,central_nervous_system,Y+,X,Male_XY,0.544175609,0.705494576,-8.643556998,NA,NA
ACH-000820,SW403_LARGE_INTESTINE,NA,Female,51,colorectal,Y-,XX,Female_XXhet,4.99E-06,1.164798836,2.549442854,0.431827292,NA
ACH-000821,EJM_HAEMATOPOIETIC_AND_LYMPHOID_TISSUE,1297447,Female,58,plasma_cell,Y-,X,Female_X0,0.000927765,0.638413306,4.249793919,0,NA
ACH-000822,SKMEL24_SKIN,909725,Male,67,skin,Y+,X,Male_XY,0.623409025,0.597588958,-8.988627446,NA,NA
ACH-000823,KYSE140_OESOPHAGUS,753573,Male,54,esophagus,Y-,X,Male_X0,0.000456236,0.557651452,4.048341627,NA,NA
ACH-000824,KYSE510_OESOPHAGUS,907321,Female,67,esophagus,Y-,X,Female_X0,0.000265798,0.586369185,4.20546462,0,NA
ACH-000826,CAL12T_LUNG,753540,Male,NA,lung,Y-,X,Male_X0,0.028869008,0.574395857,0.970853325,NA,NA
ACH-000827,WM793_SKIN,1299081,Male,NA,skin,Y+,X,Male_XY,0.359079603,0.555599002,-7.835772839,NA,NA
ACH-000829,HUNS1_HAEMATOPOIETIC_AND_LYMPHOID_TISSUE,NA,Male,NA,plasma_cell,Y+,X,Male_XY,0.647400179,0.565351642,-10.11905383,NA,NA
ACH-000831,HEC50B_ENDOMETRIUM,NA,Female,NA,uterus,Y-,X,Female_X0,0.010077734,0.7295548,4.079135492,0,NA
ACH-000832,CAL27_UPPER_AERODIGESTIVE_TRACT,910916,Male,56,upper_aerodigestive,Y-,X,Male_X0,0.042715074,0.654801501,3.607939633,NA,NA
ACH-000833,RH30_SOFT_TISSUE,NA,Male,17,soft_tissue,Y+,X,Male_XY,0.228432727,0.630909331,-6.020709749,NA,NA
ACH-000834,UMUC1_URINARY_TRACT,NA,Male,NA,urinary_tract,Y-,X,Male_X0,0.000171601,0.636070999,3.183961248,NA,NA
ACH-000835,GCT_SOFT_TISSUE,906999,Male,29,soft_tissue,Y-,X,Male_X0,0.000103373,0.482264305,3.907463905,NA,NA
ACH-000836,YD15_SALIVARY_GLAND,NA,Male,39,upper_aerodigestive,Y+,X,Male_XY,0.433745619,0.677348542,-7.058088862,NA,NA
ACH-000837,NCIH322_LUNG,NA,Male,52,lung,Y+,X,Male_XY,0.45676318,0.490597037,-7.778195125,NA,NA
ACH-000838,AMO1_HAEMATOPOIETIC_AND_LYMPHOID_TISSUE,1295741,Female,64,plasma_cell,Y-,X,Female_X0,0.003666688,0.622922148,4.311640187,0,NA
ACH-000839,SCABER_URINARY_TRACT,NA,Male,58,urinary_tract,Y+,X,Male_XY,0.380777403,0.614790835,-5.310620786,NA,NA
ACH-000840,HCC366_LUNG,1240144,Female,80,lung,Y-,XX,Female_XXhet,0.007755478,0.965526042,4.308251152,0.135257401,NA
ACH-000841,NCIH2087_LUNG,724834,Male,69,lung,Y-,X,Male_X0,1.21E-05,0.460405606,4.168612409,NA,NA
ACH-000843,HARA_LUNG,1240142,Male,57,lung,Y+,X,Male_XY,0.687373767,0.635975452,-5.823648187,NA,NA
ACH-000845,NCIH1373_LUNG,NA,Male,56,lung,Y-,X,Male_X0,0.017861904,0.694588546,3.49330001,NA,NA
ACH-000846,FADU_UPPER_AERODIGESTIVE_TRACT,906863,Male,56,upper_aerodigestive,Y-,X,Male_X0,0.036128295,0.663538219,3.807246494,NA,NA
ACH-000848,JHH7_LIVER,1240160,Male,53,liver,Y+,X,Male_XY,0.460770317,0.739060599,-7.782457527,NA,NA
ACH-000849,MDAMB468_BREAST,908123,Female,51,breast,Y-,XXhom,Female_XXhom,0.001079062,0.827898459,3.206855079,0,NA
ACH-000853,NCIH661_LUNG,687829,Male,43,lung,Y+,X,Male_XY,0.637717082,0.768110385,-10.32257529,NA,NA
ACH-000855,KYSE150_OESOPHAGUS,907317,Female,49,esophagus,Y-,X,Female_X0,5.64E-09,0.637004469,3.980047701,0,NA
ACH-000856,CAL51_BREAST,910927,Female,45,breast,Y-,XX,Female_XXhet,0.010694447,1.047798485,4.035570423,0.3995877,NA
ACH-000858,KNS62_LUNG,753569,Male,49,lung,Y-,X,Male_X0,0.007133683,0.584317962,3.753248704,NA,NA
ACH-000859,HCC1954_BREAST,749709,Female,61,breast,Y-,XX,Female_XXhet,0.002755033,0.983481513,3.356873558,0.127984882,NA
ACH-000860,NCIH358_LUNG,908465,Male,NA,lung,Y+,X,Male_XY,0.428801828,0.643844767,-7.93719863,NA,NA
ACH-000861,HOP62_LUNG,905972,Female,NA,lung,Y-,X,Female_X0,0.00712336,0.66907407,4.274350755,NA,NA
ACH-000865,KYSE450_OESOPHAGUS,907320,Male,59,esophagus,Y-,X,Male_X0,0.009568304,0.621596399,4.280103115,NA,NA
ACH-000866,NCIH1048_LUNG,687995,Female,NA,lung,Y-,XX,Female_XXhet,0.027169003,1.029619846,4.223233821,0.415220752,NA
ACH-000867,CHAGOK1_LUNG,687596,Male,45,lung,Y+,X,Male_XY,0.799108475,0.575478448,-9.50076784,NA,NA
ACH-000869,NCIH1568_LUNG,1298348,Female,48,lung,Y-,X,Female_X0,0.001367296,0.724494469,4.298975674,0,NA
ACH-000872,HCC515_LUNG,NA,Female,NA,lung,Y-,XX,Female_XXhet,0.003844374,0.885075467,4.2625087,NA,NA
ACH-000873,KYSE270_OESOPHAGUS,907319,Male,79,esophagus,Y+,X,Male_XY,0.513319073,0.715217567,-6.639847257,NA,NA
ACH-000876,MDAMB415_BREAST,924240,Female,38,breast,Y-,XX,Female_XXhet,0.000142287,1.122109706,4.02645925,0.425700052,NA
ACH-000878,HCC15_LUNG,1240143,Male,47,lung,NA,X,NA,0.379761439,0.707933909,-1.526225627,NA,NA
ACH-000880,AGS_STOMACH,906790,Female,54,gastric,Y-,XX,Female_XXhet,0.004602069,1.054594429,4.190596732,0.389337456,NA
ACH-000881,MELJUSO_SKIN,908125,Female,58,skin,Y-,NA,NA,1.34E-06,0.747548032,3.850027524,0.422378744,NA
ACH-000882,IGR1_SKIN,907169,Male,42,skin,Y+,X,Male_XY,0.735929953,0.570519772,-9.730023334,NA,NA
ACH-000885,TOV21G_OVARY,1240222,Female,62,ovary,Y-,XX,Female_XXhet,0.013421188,0.951870832,4.190630724,0.417282254,NA
ACH-000886,NCIH2009_LUNG,724873,Female,68,lung,Y-,X,Female_X0,1.84E-09,0.683595819,4.29936677,0,NA
ACH-000887,SF172_CENTRAL_NERVOUS_SYSTEM,NA,Female,NA,central_nervous_system,Y-,X,Female_X0,3.77E-07,0.58633706,4.128335234,NA,NA
ACH-000888,NCIH1793_LUNG,908463,Female,52,lung,Y-,X,Female_X0,0.033105295,0.749404337,4.190893597,0,NA
ACH-000889,KMM1_HAEMATOPOIETIC_AND_LYMPHOID_TISSUE,NA,Male,62,plasma_cell,Y-,X,Male_X0,0.007341931,0.711434554,4.040935085,NA,NA
ACH-000890,SW1271_LUNG,1299062,Male,69,lung,Y-,X,Male_X0,0.001356217,0.54517723,3.997123935,NA,NA
ACH-000896,647V_URINARY_TRACT,906797,Male,NA,urinary_tract,Y+,XX,Male_XXY,0.917707734,0.839579181,-7.991583696,NA,NA
ACH-000898,SNU719_STOMACH,NA,Male,53,gastric,Y+,X,Male_XY,0.527549293,0.553794726,-5.517307153,NA,NA
ACH-000899,WM88_SKIN,NA,Male,NA,skin,Y+,XX,Male_XXY,0.527429553,0.901544748,-8.840425964,NA,NA
ACH-000900,NCIH23_LUNG,905942,Male,51,lung,Y-,XX,Male_XX,0.011735452,0.843616108,4.23145795,NA,NA
ACH-000901,HCC1359_LUNG,NA,Female,55,lung,Y-,XX,Female_XXhet,0.144523879,0.86559344,4.002276273,NA,NA
ACH-000903,FTC133_THYROID,906864,Male,42,thyroid,Y-,X,Male_X0,0.000222419,0.72391909,4.125095153,NA,NA
ACH-000905,5637_URINARY_TRACT,687452,Male,68,urinary_tract,Y+,X,Male_XY,0.37560167,0.717557943,-5.771030378,NA,NA
ACH-000906,ES2_OVARY,1240128,Female,47,ovary,Y-,XXhom,Female_XXhom,0.007857594,0.896207411,4.280211851,0,NA
ACH-000907,SNU349_KIDNEY,NA,Male,68,kidney,Y+,X,Male_XY,0.408453679,0.694543692,-7.837032195,NA,NA
ACH-000910,MDAMB453_BREAST,908122,Female,48,breast,Y-,XX,Female_XXhet,0.010116807,0.979802405,4.164510692,0.311000401,NA
ACH-000911,NUGC3_STOMACH,908455,Male,72,gastric,Y-,XX,Male_XX,0.013760588,0.956870395,4.042111595,NA,NA
ACH-000912,NCIH2286_LUNG,NA,Female,57,lung,Y-,X,Female_X0,0.002403665,0.674559735,4.209859111,0,NA
ACH-000913,ESS1_ENDOMETRIUM,907000,Female,76,uterus,Y-,XX,Female_XXhet,0.009199703,1.045633716,3.854336321,0.436293878,NA
ACH-000914,HT_HAEMATOPOIETIC_AND_LYMPHOID_TISSUE,907063,Male,70,lymphocyte,Y+,X,Male_XY,0.618353482,0.584545477,-10.18194727,NA,NA
ACH-000915,IPC298_SKIN,907171,Female,64,skin,Y-,X,Female_X0,0.00082923,0.618994822,4.10824299,0,NA
ACH-000916,NCIH1573_LUNG,908472,Female,35,lung,Y-,X,Female_X0,2.13E-09,0.571532424,4.243870164,0,NA
ACH-000917,TE4_OESOPHAGUS,1503371,Female,NA,esophagus,NA,X,Female_X0,0.173871512,0.530219057,-3.15478646,0,NA
ACH-000921,NCIH1339_LUNG,NA,Female,49,lung,NA,X,Female_X0,1.004944615,0.763871654,-1.090053322,0,NA
ACH-000922,RCHACV_HAEMATOPOIETIC_AND_LYMPHOID_TISSUE,1330994,Female,8,blood,Y-,XX,Female_XXhet,1.86E-05,0.828025902,4.220346359,0.403997022,NA
ACH-000924,NCIH2172_LUNG,1298353,Female,NA,lung,Y-,XXhom,Female_XXhom,0.003179182,0.836625449,4.056020295,0,NA
ACH-000928,JHUEM1_ENDOMETRIUM,NA,Female,56,uterus,Y-,XX,Female_XXhet,0.00390547,1.055339822,4.333431882,0.357269656,NA
ACH-000932,SNU1_STOMACH,908444,Male,44,gastric,Y+,X,Male_XY,0.564569082,0.585135839,-9.61531603,NA,NA
ACH-000936,EFO27_OVARY,906852,Female,36,ovary,Y-,XX,Female_XXhet,0.007499128,1.060853637,4.194576943,0.445742427,NA
ACH-000937,PF382_HAEMATOPOIETIC_AND_LYMPHOID_TISSUE,909260,Female,6,blood,Y-,NA,NA,4.01E-06,0.775283746,3.35335067,0.370612151,NA
ACH-000938,NALM6_HAEMATOPOIETIC_AND_LYMPHOID_TISSUE,908158,Male,19,blood,Y+,X,Male_XY,0.599045442,0.569574493,-9.391705389,NA,NA
ACH-000939,SKUT1_SOFT_TISSUE,909732,Female,75,soft_tissue,Y-,XX,Female_XXhet,0.013357413,1.05060304,4.000401519,0.387447747,NA
ACH-000941,HEC1B_ENDOMETRIUM,NA,Female,71,uterus,Y-,X,Female_X0,3.35E-05,0.584319386,4.212390828,0,NA
ACH-000944,NAMALWA_HAEMATOPOIETIC_AND_LYMPHOID_TISSUE,908159,Female,3,lymphocyte,Y-,X,Female_X0,6.20E-05,0.589544561,4.216145747,0,NA
ACH-000946,HEC265_ENDOMETRIUM,NA,Female,NA,uterus,Y-,XX,Female_XXhet,0.00747345,0.939421884,4.205600121,0.342495562,NA
ACH-000947,OVK18_OVARY,1480371,Female,NA,ovary,Y-,XX,Female_XXhet,0.005764265,1.036936297,3.703690494,0.322052339,NA
ACH-000948,2313287_STOMACH,910924,Male,72,gastric,Y+,X,Male_XY,0.502455462,0.56958644,-8.473489803,NA,NA
ACH-000950,LOVO_LARGE_INTESTINE,907790,Male,56,colorectal,Y+,X,Male_XY,0.572058993,0.554543545,-8.393885216,NA,NA
ACH-000953,SUPT1_HAEMATOPOIETIC_AND_LYMPHOID_TISSUE,909743,Male,8,blood,Y+,X,Male_XY,0.287722873,0.581372792,-8.235117447,NA,NA
ACH-000957,LS180_LARGE_INTESTINE,998189,Female,58,colorectal,Y-,X,Female_X0,0.004213688,0.636192181,4.273252181,0,NA
ACH-000958,SW48_LARGE_INTESTINE,909751,Female,82,colorectal,Y-,XX,Female_XXhet,0.01243496,1.021919146,2.484777986,0.44024509,NA
ACH-000959,SNUC4_LARGE_INTESTINE,NA,Male,35,colorectal,Y+,X,Male_XY,0.657627979,0.582808685,-9.096645972,NA,NA
ACH-000960,REH_HAEMATOPOIETIC_AND_LYMPHOID_TISSUE,909696,Female,15,blood,Y-,X,Female_X0,0.000262678,0.537157155,4.159450084,0,NA
ACH-000961,ISHIKAWAHERAKLIO02ER_ENDOMETRIUM,NA,Female,39,uterus,Y-,X,Female_X0,0.001899658,0.743190575,4.20736131,0,NA
ACH-000963,CCK81_LARGE_INTESTINE,1240123,Female,NA,colorectal,Y-,XX,Female_XXhet,0.002405033,1.068499758,4.233431416,0.283513715,NA
ACH-000965,RL952_ENDOMETRIUM,930082,Female,65,uterus,Y-,XX,Female_XXhet,0.013981623,1.038126021,4.022804148,0.409666151,NA
ACH-000968,COLO792_SKIN,906814,Male,62,skin,Y+,X,Male_XY,0.705126422,0.643355697,-7.462679368,NA,NA
ACH-000973,639V_URINARY_TRACT,906798,Male,69,urinary_tract,Y-,XX,Male_XX,0.000682195,0.845305749,4.193584968,NA,NA
ACH-000974,SNGM_ENDOMETRIUM,909735,Female,52,uterus,Y-,XX,Female_XXhet,0.007029015,1.048512673,4.175625645,0.364427647,NA
ACH-000975,HCC2450_LUNG,NA,Male,52,lung,NA,X,NA,0.25684693,0.580969269,-3.912857354,NA,NA
ACH-000976,HUCCT1_BILIARY_TRACT,907069,Male,NA,bile_duct,Y+,X,Male_XY,0.692488474,0.78667858,-6.608444501,NA,NA
ACH-000977,LNCAPCLONEFGC_PROSTATE,907788,Male,50,prostate,Y+,X,Male_XY,0.617495313,0.613220035,-11.16451255,NA,NA
ACH-000978,EN_ENDOMETRIUM,1240127,Female,50,uterus,Y-,XX,Female_XXhet,0.006649518,0.89971797,4.008641724,0.320563477,NA
ACH-000980,NCIH1155_LUNG,908467,Male,36,lung,Y-,XX,Male_XX,2.06E-09,0.844558156,4.150259058,NA,NA
ACH-000983,KCL22_HAEMATOPOIETIC_AND_LYMPHOID_TISSUE,1330931,Female,32,blood,Y-,NA,NA,4.72E-05,0.804782738,4.170665979,0.242741797,NA
ACH-000984,HEC6_ENDOMETRIUM,NA,Female,NA,uterus,Y-,X,Female_X0,0.003958486,0.638531133,3.503196303,0,NA
ACH-000988,MFE319_ENDOMETRIUM,1240174,Female,81,uterus,Y-,X,Female_X0,0.008274106,0.633399358,4.327223199,0,NA
ACH-000993,JHUEM7_ENDOMETRIUM,NA,Female,58,uterus,Y-,XX,Female_XXhet,0.005171742,0.92170725,4.227291979,0.289411899,NA
ACH-000994,HEC59_ENDOMETRIUM,NA,Female,NA,uterus,Y-,XXhom,Female_XXhom,0.001036654,0.810668145,4.160008841,0,NA
ACH-000995,JURKAT_HAEMATOPOIETIC_AND_LYMPHOID_TISSUE,998184,Male,NA,blood,Y+,X,Male_XY,0.297344917,0.592815437,-6.845346104,NA,NA
ACH-000996,HEC251_ENDOMETRIUM,NA,Female,NA,uterus,Y-,X,Female_X0,0.000125289,0.647257626,4.092588814,0,NA
ACH-001001,143B_BONE,NA,Female,13,bone,Y-,X,Female_X0,0.001149345,0.626840849,4.224019378,0,NA
ACH-001020,BT16_SOFT_TISSUE,NA,Male,2,soft_tissue,Y+,X,Male_XY,0.66781688,0.590647188,-9.133973916,NA,NA
ACH-001028,CHLA06ATRT_SOFT_TISSUE,NA,Female,0.33,soft_tissue,Y-,XX,Female_XXhet,2.59E-07,0.815687927,4.421877158,NA,NA
ACH-001029,CHLA10_BONE,NA,Female,14,bone,Y-,XX,Female_XXhet,0.001206272,1.32183165,4.547267259,NA,NA
ACH-001031,CHLA266_SOFT_TISSUE,NA,Female,2.5,soft_tissue,Y-,XX,Female_XXhet,1.07E-05,0.971673422,4.424954512,NA,NA
ACH-001036,CMK115_HAEMATOPOIETIC_AND_LYMPHOID_TISSUE,NA,Male,NA,blood,Y+,X,Male_XY,0.662545137,0.672140666,-9.008178434,NA,NA
ACH-001038,COGE352_BONE,NA,Male,17,bone,Y+,XX,Male_XXY,0.874887557,0.868495967,-10.16817126,NA,NA
ACH-001041,COLO699_LUNG,NA,Female,57,lung,Y-,XX,Female_XXhet,1.14E-06,0.874126925,4.251817675,0.395292905,NA
ACH-001048,COV504_OVARY,NA,Female,NA,ovary,Y-,X,Female_X0,0.004443185,0.699268218,4.394712918,0,NA
ACH-001061,DLD1_LARGE_INTESTINE,NA,Male,NA,colorectal,NA,X,NA,0.569641803,0.534551501,-2.567415155,NA,NA
ACH-001067,F5_CENTRAL_NERVOUS_SYSTEM,NA,Male,NA,central_nervous_system,Y-,XX,Male_XX,0.000262773,0.965367688,3.768840019,NA,NA
ACH-001075,NCIH292_LUNG,753604,Female,32,lung,Y-,XX,Female_XXhet,4.16E-07,0.887187652,4.170804604,0.465441219,NA
ACH-001098,KCIMOH1_PANCREAS,NA,Female,64,pancreas,Y-,X,Female_X0,5.94E-08,0.465567406,4.553227283,0,NA
ACH-001128,MON_SOFT_TISSUE,NA,Male,NA,soft_tissue,Y-,X,Male_X0,1.18E-06,0.592105703,4.30529963,NA,NA
ACH-001129,MONOMAC1_HAEMATOPOIETIC_AND_LYMPHOID_TISSUE,NA,Male,64,blood,Y+,X,Male_XY,0.456932819,0.574724039,-8.649087723,NA,NA
ACH-001145,OC316_OVARY,NA,Female,60,ovary,Y-,XX,Female_XXhet,1.99E-05,0.884486542,4.553227283,0.187539369,NA
ACH-001151,OVCAR5_OVARY,905969,Female,NA,ovary,Y-,X,Female_X0,1.93E-09,0.439052464,4.534917353,NA,NA
ACH-001163,PEDS005TSUSP_KIDNEY,NA,Male,NA,kidney,NA,XX,NA,0.287676771,0.87124233,4.553227283,NA,NA
ACH-001172,U251MGDM_Brain,NA,Male,NA,central_nervous_system,Y-,X,Male_X0,6.51E-08,0.659557037,4.553227283,NA,NA
ACH-001183,RT11284_URINARY_TRACT,NA,Female,NA,urinary_tract,Y-,XX,Female_XXhet,7.69E-05,0.890599536,4.500318142,NA,NA
ACH-001184,SCMCRM2_SOFT_TISSUE,NA,Female,11,soft_tissue,Y-,X,Female_X0,5.88E-08,0.665090854,4.254662562,NA,NA
ACH-001188,SHSY5Y_AUTONOMIC_GANGLIA,NA,Female,4,peripheral_nervous_system,Y-,XX,Female_XXhet,0.005210343,1.012113033,4.553227283,0.429135887,NA
ACH-001190,SKMEL2_SKIN,905955,Male,60,skin,Y+,X,Male_XY,0.540505951,0.770115445,-8.697054451,NA,NA
ACH-001192,SKNEP1_BONE,NA,Female,NA,bone,Y-,X,Female_X0,0.000417038,0.733672166,4.490130982,NA,NA
ACH-001193,SKPNDW_BONE,909731,Male,NA,bone,Y-,X,Male_X0,0.00158498,0.620377082,4.211281241,NA,NA
ACH-001196,SMSCTR_SOFT_TISSUE,NA,Male,1,soft_tissue,Y+,X,Male_XY,0.460843998,0.652028053,-8.021803697,NA,NA
ACH-001197,SMZ1_HAEMATOPOIETIC_AND_LYMPHOID_TISSUE,NA,Male,NA,lymphocyte,Y+,X,Male_XY,0.992877886,0.585880511,-11.75857428,NA,NA
ACH-001205,TC32_BONE,NA,Female,17,bone,Y-,XX,Female_XXhet,0.000171281,0.932122,NA,NA,NA
ACH-001211,TTC549_SOFT_TISSUE,NA,Female,NA,soft_tissue,Y-,XX,Female_XXhet,0.000189101,0.960713349,4.339790673,NA,NA
ACH-001212,TTC642_SOFT_TISSUE,NA,Female,NA,soft_tissue,Y-,XX,Female_XXhet,0.000258448,0.945671531,NA,NA,NA
ACH-001228,UPCISCC152_UPPER_AERODIGESTIVE_TRACT,NA,Male,NA,upper_aerodigestive,NA,X,NA,0.363302935,0.708458061,1.014246918,NA,NA
ACH-001229,UPCISCC154_UPPER_AERODIGESTIVE_TRACT,NA,Male,54,upper_aerodigestive,Y+,X,Male_XY,0.381268156,0.550386326,-6.096270203,NA,NA
ACH-001232,UW228_CENTRAL_NERVOUS_SYSTEM,NA,Miss_classification,NA,central_nervous_system,Y+,XX,NA,0.525806263,0.835204668,-8.502535158,NA,NA
ACH-001239,WM2664_SKIN,NA,Female,58,skin,Y-,X,Female_X0,0.009830227,0.697937966,2.535765785,0,NA
ACH-001274,SW982_SOFT_TISSUE,909759,Female,NA,soft_tissue,Y-,XX,Female_XXhet,0.000870433,1.001119026,4.372798815,NA,NA
ACH-001275,SYO1_SOFT_TISSUE,NA,Female,NA,soft_tissue,Y-,X,Female_X0,8.07E-10,0.574823479,4.25650528,NA,NA
ACH-001278,BIN67_OVARY,NA,Female,NA,ovary,Y-,XX,Female_XXhet,1.11E-06,0.994199343,4.503527132,NA,NA
ACH-001283,TC106_BONE,NA,Male,19,bone,Y+,X,Male_XY,0.470089118,0.552346068,-7.777998342,NA,NA
ACH-001289,COGAR359_SOFT_TISSUE,NA,Male,NA,soft_tissue,Y+,X,Male_XY,0.634650079,0.585897355,-10.06619625,NA,NA
ACH-001295,Y79_AUTONOMIC_GANGLIA,NA,Female,2.5,eye,Y-,X,Female_X0,1.91E-09,0.741997295,4.484972326,NA,NA
ACH-001300,CHLA15_AUTONOMIC_GANGLIA,NA,Female,1.5,peripheral_nervous_system,Y-,XX,Female_XXhet,2.65E-06,0.883427579,4.323637817,NA,NA
ACH-001303,NB1643_AUTONOMIC_GANGLIA,NA,Male,3,peripheral_nervous_system,Y+,X,Male_XY,0.548127013,0.537328549,-8.082739089,NA,NA
ACH-001306,8305C_THYROID,906795,Female,67,thyroid,Y-,XX,Female_XXhet,0.028275377,1.030922097,4.1575536,0.319647254,NA
ACH-001307,8505C_THYROID,924102,Female,78,thyroid,Y-,X,Female_X0,0.002363172,0.758190063,3.887011132,0,NA
ACH-001318,PLCPRF5_LIVER,NA,Male,24,liver,Y-,XX,Male_XX,0.016613201,0.926812996,4.261188569,NA,NA
ACH-001328,A431_SKIN,910925,Female,85,skin,Y-,XX,Female_XXhet,8.14E-09,0.810440813,4.324683119,NA,NA
ACH-001329,ANGMCSS_CENTRAL_NERVOUS_SYSTEM,NA,Male,65,central_nervous_system,Y+,X,Male_XY,0.606481029,0.563347164,-7.701745547,NA,NA
ACH-001332,BICR78_UPPER_AERODIGESTIVE_TRACT,1240122,Male,NA,upper_aerodigestive,Y-,X,Male_X0,5.77E-08,0.693133378,4.482067468,NA,NA
ACH-001333,C33A_CERVIX,687505,Female,66,cervix,Y-,XX,Female_XXhet,0.001707471,0.914320563,4.487731817,NA,NA
ACH-001334,C4I_CERVIX,687506,Female,41,cervix,Y-,XX,Female_XXhet,0.001391794,0.979670717,4.553227283,NA,NA
ACH-001335,C4II_CERVIX,NA,Female,41,cervix,Y-,XX,Female_XXhet,2.28E-07,0.92739503,4.54271766,NA,NA
ACH-001336,CASKI_CERVIX,906824,Female,40,cervix,Y-,X,Female_X0,4.19E-09,0.671401879,4.45545567,NA,NA
ACH-001338,CHP134_AUTONOMIC_GANGLIA,910941,Male,1.5,peripheral_nervous_system,Y+,X,Male_XY,0.573237436,0.571225748,-8.883597644,NA,NA
ACH-001340,COV413A_OVARY,NA,Female,NA,ovary,Y-,X,Female_X0,3.09E-08,0.598190893,4.465620771,NA,NA
ACH-001341,DOTC24510_CERVIX,906843,Female,NA,cervix,Y-,XX,Female_XXhet,4.84E-07,0.99677454,4.514351367,NA,NA
ACH-001344,GIMEN_AUTONOMIC_GANGLIA,906872,Male,4,peripheral_nervous_system,Y-,X,Male_X0,0.000429338,0.608664475,4.416524453,NA,NA
ACH-001345,GP5D_LARGE_INTESTINE,907291,Female,71,colorectal,Y-,XX,Female_XXhet,7.86E-06,0.920608071,4.449805438,NA,NA
ACH-001346,H103_UPPER_AERODIGESTIVE_TRACT,NA,Male,32,upper_aerodigestive,NA,X,NA,0.122783317,0.581955949,-5.589125542,NA,NA
ACH-001347,H157_UPPER_AERODIGESTIVE_TRACT,NA,Male,84,upper_aerodigestive,Y+,X,Male_XY,0.361836937,0.573753499,-6.039044856,NA,NA
ACH-001353,JOPACA1_PANCREAS,NA,Male,46,pancreas,Y-,X,Male_X0,3.32E-09,0.493831824,4.484867469,NA,NA
ACH-001354,LAN2_AUTONOMIC_GANGLIA,NA,Female,3,peripheral_nervous_system,Y-,XX,Female_XXhet,8.48E-10,0.839914922,4.431270009,NA,NA
ACH-001356,MB1_THYROID,NA,Male,57,thyroid,Y-,X,Male_X0,6.54E-08,0.603477768,4.423702185,NA,NA
ACH-001360,MS751_CERVIX,1240179,Female,47,cervix,Y-,XX,Female_XXhet,2.79E-07,1.075245031,4.505448557,NA,NA
ACH-001366,NGP_AUTONOMIC_GANGLIA,NA,Male,1.5,peripheral_nervous_system,Y+,X,Male_XY,0.559546834,0.538312908,-8.332303293,NA,NA
ACH-001368,OACM51_OESOPHAGUS,1503363,Female,47,esophagus,Y-,XX,Female_XXhet,0.000425435,0.962740052,3.942796351,NA,NA
ACH-001370,OCIP5X_OVARY,NA,Female,NA,ovary,Y-,X,Female_X0,5.44E-06,0.79790813,4.553227283,NA,NA
ACH-001374,PA1_OVARY,909255,Female,12,ovary,Y-,XX,Female_XXhet,1.32E-07,0.916740107,4.304215855,NA,NA
ACH-001375,PACADD119_PANCREAS,NA,Male,59,pancreas,Y-,X,Male_X0,1.63E-09,0.385334165,4.390825067,NA,NA
ACH-001377,PACADD137_PANCREAS,NA,Female,75,pancreas,Y-,XX,Female_XXhet,2.08E-07,0.935758995,4.46784922,NA,NA
ACH-001379,PACADD161_PANCREAS,NA,Female,63,pancreas,Y-,X,Female_X0,9.72E-06,0.460251107,4.408773231,NA,NA
ACH-001380,PACADD165_PANCREAS,NA,Male,54,pancreas,Y-,XX,Male_XX,9.38E-07,0.83956259,4.525896583,NA,NA
ACH-001382,PACADD188_PANCREAS,NA,Female,68,pancreas,Y-,XX,Female_XXhet,1.64E-06,0.849988865,4.523372137,NA,NA
ACH-001385,RPMI2650_UPPER_AERODIGESTIVE_TRACT,909700,Male,52,upper_aerodigestive,NA,X,NA,0.605927988,0.58517878,-1.990645013,NA,NA
ACH-001386,SCLC22H_LUNG,NA,Male,46,lung,Y+,X,Male_XY,0.437164092,0.5575419,-8.705614499,NA,NA
ACH-001388,SUM102PT_BREAST,NA,Female,NA,breast,Y-,XX,Female_XXhet,0.000152547,0.849822699,4.553227283,NA,NA
ACH-001389,SUM1315MO2_BREAST,NA,Female,NA,breast,Y-,X,Female_X0,4.03E-05,0.79675864,4.551349585,NA,NA
ACH-001390,SUM149PT_BREAST,NA,Female,NA,breast,Y-,X,Female_X0,2.69E-05,0.669133581,4.438228528,NA,NA
ACH-001391,SUM159PT_BREAST,NA,Female,NA,breast,Y-,XX,Female_XXhet,6.74E-06,0.823556182,4.41412309,NA,NA
ACH-001394,SUM229PE_BREAST,NA,Female,NA,breast,Y-,X,Female_X0,2.36E-06,0.763123149,4.366593308,NA,NA
ACH-001396,SUM52PE_BREAST,NA,Female,NA,breast,Y-,XX,Female_XXhet,1.79E-08,0.844766507,4.553227283,NA,NA
ACH-001398,SW156_KIDNEY,1240220,Male,75,kidney,Y-,XX,Male_XX,0.006760176,0.825897242,4.553227283,NA,NA
ACH-001400,SW954_CERVIX,924247,Female,86,cervix,Y-,XX,Female_XXhet,0.002564946,1.091643733,4.553227283,NA,NA
ACH-001402,SW756_CERVIX,724839,Female,46,cervix,Y-,XX,Female_XXhet,0.000303316,1.244521633,4.499350613,NA,NA
ACH-001403,TO14_OVARY,NA,Female,NA,ovary,Y-,X,Female_X0,7.64E-07,0.717925655,4.516962976,NA,NA
ACH-001407,UMUC13_URINARY_TRACT,NA,Male,NA,urinary_tract,Y+,X,Male_XY,1.074643023,0.551349186,-10.80223889,NA,NA
ACH-001408,UMUC14_URINARY_TRACT,NA,Male,NA,urinary_tract,NA,X,NA,0.429121146,0.571149894,-2.565122659,NA,NA
ACH-001411,UMUC5_URINARY_TRACT,NA,Female,NA,urinary_tract,Y-,X,Female_X0,1.32E-05,0.627683318,4.539144447,NA,NA
ACH-001413,UMUC11_URINARY_TRACT,NA,Male,NA,urinary_tract,NA,X,NA,0.182746645,0.69726928,-0.842445908,NA,NA
ACH-001414,UMUC6_URINARY_TRACT,NA,Male,NA,urinary_tract,Y+,X,Male_XY,0.564668185,0.522466655,-7.996576291,NA,NA
ACH-001415,UMUC7_URINARY_TRACT,NA,Male,NA,urinary_tract,Y+,X,Male_XY,1.013638361,0.759670366,-9.272440499,NA,NA
ACH-001416,UMUC9_URINARY_TRACT,NA,Male,NA,urinary_tract,Y-,X,Male_X0,1.79E-06,0.675995434,4.448622348,NA,NA
ACH-001418,UWB1289_OVARY,1480374,Female,56,ovary,Y-,X,Female_X0,8.24E-06,0.566346983,4.541682067,NA,NA
ACH-001419,VP229_BREAST,NA,Female,47,breast,Y-,X,Female_X0,6.16E-06,0.755310614,4.553227283,NA,NA
ACH-001421,WERIRB1_AUTONOMIC_GANGLIA,NA,Female,1,eye,Y-,XX,Female_XXhet,7.63E-07,0.878781718,4.553227283,NA,NA
ACH-001422,WPE1NA22_PROSTATE,NA,Male,54,prostate,Y-,X,Male_X0,0.035779319,0.622237806,4.553227283,NA,NA
ACH-001430,TC138_BONE,NA,Male,NA,bone,Y+,X,Male_XY,0.569577868,0.520036914,-8.910380187,NA,NA
ACH-001442,A388_SKIN,910697,Male,86,epidermoid_carcinoma,Y-,X,Male_X0,0.00034399,0.531660806,4.553227283,NA,NA
ACH-001443,ASH3_THYROID,1290722,Female,68,thyroid,Y-,X,Female_X0,0.000253508,0.727199083,4.553227283,NA,NA
ACH-001450,BLUE1_HAEMATOPOIETIC_AND_LYMPHOID_TISSUE,NA,Male,29,lymphocyte,Y+,X,Male_XY,0.661817217,0.550060775,-7.805143198,NA,NA
ACH-001451,BOKU_CERVIX,NA,Female,NA,cervix,Y-,XX,Female_XXhet,1.70E-06,1.086091882,4.553227283,NA,NA
ACH-001453,BPH1_PROSTATE,924105,Male,68,prostate,Y+,X,Male_XY,0.704084329,0.644192494,-9.432337397,NA,NA
ACH-001454,C10_LARGE_INTESTINE,NA,Male,71,colorectal,Y+,X,Male_XY,0.638644102,0.756639394,-7.111384765,NA,NA
ACH-001458,C75_LARGE_INTESTINE,NA,Male,56,colorectal,NA,X,NA,0.711031119,0.70311627,-1.188696193,NA,NA
ACH-001459,C80_LARGE_INTESTINE,NA,Male,69,colorectal,NA,X,NA,0.672719888,0.615838754,-0.874273475,NA,NA
ACH-001460,C84_LARGE_INTESTINE,NA,Male,67,colorectal,Y-,X,Male_X0,0.003120035,0.716672615,4.315584301,NA,NA
ACH-001461,C99_LARGE_INTESTINE,NA,Male,69,colorectal,Y-,X,Male_X0,0.00256708,0.685512943,4.44593619,NA,NA
ACH-001484,CI_HAEMATOPOIETIC_AND_LYMPHOID_TISSUE,NA,Female,47,blood,Y-,XX,Female_XXhet,2.27E-07,0.909819616,4.532560153,NA,NA
ACH-001485,CII_HAEMATOPOIETIC_AND_LYMPHOID_TISSUE,NA,Female,47,blood,Y-,XX,Female_XXhet,1.08E-09,1.091519206,4.527828563,NA,NA
ACH-001494,EGI1_BILIARY_TRACT,906853,Male,52,bile_duct,Y+,X,Male_XY,0.714752884,0.394092673,-7.457003963,NA,NA
ACH-001495,EMTOKA_ENDOMETRIUM,NA,Female,64,uterus,Y-,X,Female_X0,1.47E-06,0.671671469,4.553227283,NA,NA
ACH-001496,ESO26_OESOPHAGUS,1503366,Male,56,esophagus,Y+,X,Male_XY,0.614196602,0.592956037,-9.116818631,NA,NA
ACH-001498,FARAGE_HAEMATOPOIETIC_AND_LYMPHOID_TISSUE,1297449,Female,NA,lymphocyte,Y-,XX,Female_XXhet,3.95E-06,0.924877624,4.553227283,NA,NA
ACH-001500,FLO1_OESOPHAGUS,1503361,Male,NA,esophagus,Y-,X,Male_X0,4.68E-07,0.647703579,4.314034642,NA,NA
ACH-001509,H357_UPPER_AERODIGESTIVE_TRACT,NA,Male,74,upper_aerodigestive,Y+,X,Male_XY,0.359414875,0.592639177,-5.10913614,NA,NA
ACH-001510,H376_UPPER_AERODIGESTIVE_TRACT,NA,Female,40,upper_aerodigestive,Y-,XX,Female_XXhet,1.59E-05,1.025550547,4.553227283,NA,NA
ACH-001511,H413_UPPER_AERODIGESTIVE_TRACT,NA,Female,53,upper_aerodigestive,Y-,XX,Female_XXhet,7.33E-07,1.498009193,4.553227283,NA,NA
ACH-001513,HCA1_CERVIX,NA,Female,NA,cervix,Y-,XX,Female_XXhet,1.80E-05,0.979255666,4.550840995,NA,NA
ACH-001515,HCS2_CERVIX,NA,Female,42,cervix,Y-,X,Female_X0,3.15E-06,0.683881234,4.549332505,NA,NA
ACH-001517,HEC1_ENDOMETRIUM,907051,Female,71,uterus,Y-,X,Female_X0,1.57E-05,0.739991794,4.553227283,NA,NA
ACH-001518,HEC116_ENDOMETRIUM,NA,Female,NA,uterus,Y-,X,Female_X0,5.63E-07,0.550364383,4.553227283,NA,NA
ACH-001520,HG3_HAEMATOPOIETIC_AND_LYMPHOID_TISSUE,NA,Male,70,blood,Y+,X,Male_XY,0.631555125,0.546373576,-7.132387132,NA,NA
ACH-001521,HKA1_SKIN,NA,Female,77,skin,Y-,XX,Female_XXhet,2.56E-06,0.967127166,4.499350613,NA,NA
ACH-001522,HMY1_SKIN,NA,Male,62,skin,Y+,X,Male_XY,0.676280734,0.70016941,-9.03963513,NA,NA
ACH-001523,HSC1_SKIN,NA,Male,75,skin,Y+,X,Male_XY,0.844185927,0.589716784,-10.40736494,NA,NA
ACH-001524,HSC5_SKIN,NA,Male,75,skin,Y+,X,Male_XY,0.430415294,0.697158395,-6.805964929,NA,NA
ACH-001525,HT3_CERVIX,907068,Female,59,cervix,Y-,XX,Female_XXhet,1.56E-05,0.836494031,4.553227283,NA,NA
ACH-001526,HUO9_BONE,907072,Female,13,bone,Y-,XX,Female_XXhet,0.017260047,0.973063033,4.553227283,NA,NA
ACH-001528,IHH4_THYROID,1240154,Male,75,thyroid,Y+,X,Male_XY,0.606179157,0.62493487,-8.701806566,NA,NA
ACH-001529,JAR_PLACENTA,907175,Male,0,uterus,Y+,X,Male_XY,0.392628936,0.743285431,-6.257775066,NA,NA
ACH-001530,JEG3_PLACENTA,907176,Male,NA,uterus,Y+,X,Male_XY,0.356123963,0.597363149,-7.583080537,NA,NA
ACH-001532,JMURTK2_SOFT_TISSUE,NA,Miss_classification,1,kidney,Y+,X,NA,0.587277873,0.55425714,-8.910459249,NA,NA
ACH-001533,KARPAS1718_HAEMATOPOIETIC_AND_LYMPHOID_TISSUE,NA,Male,NA,lymphocyte,Y+,X,Male_XY,0.61088477,0.590582941,-8.414337188,NA,NA
ACH-001536,KKU100_BILIARY_TRACT,NA,Female,65,bile_duct,Y-,XX,Female_XXhet,0.000533803,1.283223343,4.525896583,NA,NA
ACH-001538,KKU213_BILIARY_TRACT,NA,Male,58,bile_duct,Y-,X,Male_X0,0.000596622,0.752144521,4.553227283,NA,NA
ACH-001539,KML1_HAEMATOPOIETIC_AND_LYMPHOID_TISSUE,NA,Female,28,lymphocyte,Y-,X,Female_X0,3.19E-07,0.578662192,4.553227283,NA,NA
ACH-001542,KON_UPPER_AERODIGESTIVE_TRACT,1298215,Male,76,upper_aerodigestive,Y-,X,Male_X0,4.35E-06,0.442227216,4.45673379,NA,NA
ACH-001543,KOSC2CL343_UPPER_AERODIGESTIVE_TRACT,753570,Male,51,upper_aerodigestive,Y-,X,Male_X0,0.006937504,0.686986315,4.551260801,NA,NA
ACH-001547,LO68_LUNG,NA,Male,NA,lung,Y-,X,Male_X0,0.036684101,0.648670506,4.553227283,NA,NA
ACH-001548,LS_AUTONOMIC_GANGLIA,NA,Female,1.3,peripheral_nervous_system,Y-,XX,Female_XXhet,9.46E-07,0.878081877,4.52456676,NA,NA
ACH-001549,LU135_LUNG,713899,Male,69,lung,Y+,X,Male_XY,0.310925605,0.475037849,-6.109846491,NA,NA
ACH-001550,MCC13_SKIN,NA,Female,NA,skin,Y-,XX,Female_XXhet,0.000261893,0.935615846,4.015836926,NA,NA
ACH-001551,MCC142_SKIN,NA,Male,80,skin,Y-,X,Male_X0,0.000396649,0.606109801,4.382310534,NA,NA
ACH-001552,MCC26_SKIN,NA,Female,NA,skin,Y-,XX,Female_XXhet,5.02E-07,0.86745498,4.38430135,NA,NA
ACH-001554,MEL202_UVEA,NA,Female,NA,eye,Y-,X,Female_X0,0.000475659,0.53285203,4.24580251,NA,NA
ACH-001555,MERO14_PLEURA,NA,Male,60,lung,NA,X,NA,0.279005688,0.656230007,1.974444556,NA,NA
ACH-001556,MERO25_PLEURA,NA,Male,60,lung,Y+,X,Male_XY,0.748519662,0.690129267,-11.1300649,NA,NA
ACH-001557,MERO41_PLEURA,NA,Male,60,lung,Y+,X,Male_XY,0.776359513,0.713903868,-9.433052742,NA,NA
ACH-001560,MERO83_PLEURA,NA,Male,NA,lung,Y+,X,Male_XY,0.431237802,0.685246024,-7.156080316,NA,NA
ACH-001562,MERO95_PLEURA,NA,Male,NA,lung,Y+,X,Male_XY,0.559373359,0.558321998,-9.05485194,NA,NA
ACH-001563,MM127_SKIN,NA,Male,NA,skin,Y+,X,Male_XY,0.566125601,0.53344128,-8.763184629,NA,NA
ACH-001566,MM370_SKIN,NA,Male,NA,skin,Y+,X,Male_XY,0.66221067,0.640338283,-8.317340037,NA,NA
ACH-001567,MM383_SKIN,NA,Male,NA,skin,Y+,X,Male_XY,0.859170552,0.481617215,-10.04375421,NA,NA
ACH-001568,MM386_SKIN,NA,Male,NA,skin,Y+,X,Male_XY,0.714457569,0.689470243,-7.672589844,NA,NA
ACH-001570,MM426_SKIN,NA,Male,NA,skin,Y+,X,Male_XY,0.575083267,0.535109488,-8.926998238,NA,NA
ACH-001574,MOLM14_HAEMATOPOIETIC_AND_LYMPHOID_TISSUE,NA,Male,20,blood,Y+,NA,NA,NA,NA,-6.703501088,NA,NA
ACH-001577,MUTZ8_HAEMATOPOIETIC_AND_LYMPHOID_TISSUE,NA,Female,63,blood,Y-,XX,Female_XXhet,2.72E-08,0.874232877,4.553227283,NA,NA
ACH-001607,NOZ_LIVER,NA,Female,48,bile_duct,Y-,X,Female_X0,0.001694454,0.550253043,4.553227283,NA,NA
ACH-001608,NP2_CENTRAL_NERVOUS_SYSTEM,NA,Male,63,central_nervous_system,NA,X,NA,0.211960128,0.621545723,-1.051517805,NA,NA
ACH-001609,NP3_CENTRAL_NERVOUS_SYSTEM,NA,Male,64,central_nervous_system,Y+,X,Male_XY,0.567500986,0.527964637,-8.777178756,NA,NA
ACH-001610,NP5_CENTRAL_NERVOUS_SYSTEM,NA,Male,27,central_nervous_system,Y+,X,Male_XY,0.331287622,0.608471753,-7.402613512,NA,NA
ACH-001611,NP8_CENTRAL_NERVOUS_SYSTEM,NA,Female,38,central_nervous_system,Y-,XX,Female_XXhet,0.000201876,1.079414445,4.490668654,NA,NA
ACH-001616,OCILY18_HAEMATOPOIETIC_AND_LYMPHOID_TISSUE,NA,Male,56,lymphocyte,Y-,X,Male_X0,2.08E-09,0.57903019,4.553227283,NA,NA
ACH-001619,OCUG1_BILIARY_TRACT,NA,Male,43,bile_duct,Y-,X,Male_X0,0.006815771,0.794766884,2.735829554,NA,NA
ACH-001622,ONDA7_CENTRAL_NERVOUS_SYSTEM,NA,Male,51,central_nervous_system,Y+,X,Male_XY,0.837195053,0.728157219,-8.814220555,NA,NA
ACH-001623,ONDA8_CENTRAL_NERVOUS_SYSTEM,NA,Female,31,central_nervous_system,Y-,XX,Female_XXhet,4.65E-06,0.864364462,4.553227283,NA,NA
ACH-001624,ONDA9_CENTRAL_NERVOUS_SYSTEM,NA,Male,58,central_nervous_system,Y+,X,Male_XY,0.674531892,0.589208607,-6.807917397,NA,NA
ACH-001627,P4E6_PROSTATE,NA,Male,NA,prostate,Y-,X,Male_X0,1.64E-07,0.538545716,4.546138492,NA,NA
ACH-001628,PEA1_OVARY,NA,Female,NA,ovary,Y-,X,Female_X0,0.00025527,0.547430477,4.553227283,NA,NA
ACH-001630,PEO1_OVARY,1480372,Female,NA,ovary,Y-,X,Female_X0,2.15E-05,0.725578726,4.553227283,NA,NA
ACH-001634,PGA1_HAEMATOPOIETIC_AND_LYMPHOID_TISSUE,NA,Male,NA,blood,Y+,X,Male_XY,0.616927958,0.539548047,-7.542932234,NA,NA
ACH-001645,SEKI_SKIN,NA,Female,28,skin,Y-,X,Female_X0,5.39E-06,0.605071329,4.323738405,NA,NA
ACH-001647,SHI1_HAEMATOPOIETIC_AND_LYMPHOID_TISSUE,NA,Male,37,blood,Y+,X,Male_XY,0.557122329,0.555645626,-8.076546017,NA,NA
ACH-001650,SISO_CERVIX,1240212,Female,67,cervix,Y-,XX,Female_XXhet,0.008633171,1.099468385,4.445888487,NA,NA
ACH-001651,SKGI_ENDOMETRIUM,NA,Female,NA,uterus,Y-,X,Female_X0,5.52E-06,0.718915904,4.553227283,NA,NA
ACH-001652,SKGII_ENDOMETRIUM,NA,Female,NA,uterus,Y-,X,Female_X0,1.45E-05,0.586756144,4.534917353,NA,NA
ACH-001653,SKGT2_STOMACH,1503364,Male,72,gastric,Y-,X,Male_X0,3.12E-06,0.767918322,4.553227283,NA,NA
ACH-001654,SKGT4_OESOPHAGUS,1503365,Male,NA,esophagus,Y-,X,Male_X0,6.60E-06,0.456028293,4.27000673,NA,NA
ACH-001655,SKN_ENDOMETRIUM,1240215,Female,52,uterus,Y-,X,Female_X0,1.39E-05,0.639106375,4.553227283,NA,NA
ACH-001656,SKNO1_HAEMATOPOIETIC_AND_LYMPHOID_TISSUE,NA,Male,NA,blood,Y-,X,Male_X0,3.38E-05,0.55867996,4.293612913,NA,NA
ACH-001664,SNU638_STOMACH,NA,Male,48,gastric,NA,X,NA,0.359973179,0.524257147,-2.058713891,NA,NA
ACH-001668,SUSA_TESTIS,NA,Male,30,embryo,Y+,X,Male_XY,0.532326502,0.801319479,-6.091721083,NA,NA
ACH-001669,TANOUE_HAEMATOPOIETIC_AND_LYMPHOID_TISSUE,NA,Male,11,blood,NA,X,NA,0.161986594,0.678099321,-3.444454529,NA,NA
ACH-001670,TASK1_CENTRAL_NERVOUS_SYSTEM,NA,Female,21,peripheral_nervous_system,Y-,XX,Female_XXhet,0.004738577,0.964569306,4.538343983,NA,NA
ACH-001673,TFK1_BILIARY_TRACT,NA,Male,63,bile_duct,Y+,X,Male_XY,0.698502152,0.393509521,-9.052206993,NA,NA
ACH-001674,TGW_AUTONOMIC_GANGLIA,910780,Male,NA,peripheral_nervous_system,Y-,X,Male_X0,0.000142256,0.654722835,4.553227283,NA,NA
ACH-001675,TR146_UPPER_AERODIGESTIVE_TRACT,NA,Female,NA,upper_aerodigestive,Y-,X,Female_X0,0.008909417,0.71016922,NA,NA,NA
ACH-001677,U2904_HAEMATOPOIETIC_AND_LYMPHOID_TISSUE,NA,Male,59,lymphocyte,Y-,X,Male_X0,0.000167372,0.572981667,4.553227283,NA,NA
ACH-001685,UHO1_HAEMATOPOIETIC_AND_LYMPHOID_TISSUE,NA,Male,23,lymphocyte,Y+,X,Male_XY,0.584604923,0.522203478,-9.858755344,NA,NA
ACH-001688,UMRC7_KIDNEY,NA,Male,NA,kidney,Y+,X,Male_XY,0.484064465,0.770445793,-6.665981353,NA,NA
ACH-001690,UPCISCC026_UPPER_AERODIGESTIVE_TRACT,NA,Female,82,upper_aerodigestive,Y-,X,Female_X0,1.51E-05,0.695156443,4.553227283,NA,NA
ACH-001692,UPCISCC040_UPPER_AERODIGESTIVE_TRACT,NA,Male,50,upper_aerodigestive,NA,X,NA,0.567106608,0.626737283,-1.369903817,NA,NA
ACH-001694,UPCISCC074_UPPER_AERODIGESTIVE_TRACT,NA,Female,51,upper_aerodigestive,Y-,XX,Female_XXhet,0.017240649,0.835018307,4.547530954,NA,NA
ACH-001696,UPCISCC111_UPPER_AERODIGESTIVE_TRACT,NA,Female,69,upper_aerodigestive,Y-,XX,Female_XXhet,0.004166766,1.088707037,4.553227283,NA,NA
ACH-001698,UPCISCC116_UPPER_AERODIGESTIVE_TRACT,NA,Male,47,upper_aerodigestive,Y-,X,Male_X0,0.000152851,0.396606892,4.553227283,NA,NA
ACH-001699,UPCISCC131_UPPER_AERODIGESTIVE_TRACT,NA,Male,73,upper_aerodigestive,Y+,X,Male_XY,0.540322654,0.659556052,-5.924399299,NA,NA
ACH-001701,UPCISCC200_UPPER_AERODIGESTIVE_TRACT,NA,Male,74,upper_aerodigestive,Y-,XX,Male_XX,0.083747023,0.953581377,0.05529716,NA,NA
ACH-001702,VAESBJ_SOFT_TISSUE,688121,Male,41,soft_tissue,Y-,X,Male_X0,8.22E-07,0.726757728,4.553227283,NA,NA
ACH-001707,WAOSEL_HAEMATOPOIETIC_AND_LYMPHOID_TISSUE,NA,Male,NA,blood,Y+,X,Male_XY,0.59423153,0.601190343,-7.358518262,NA,NA
ACH-001709,WSUNHL_HAEMATOPOIETIC_AND_LYMPHOID_TISSUE,909785,Female,46,lymphocyte,Y-,XX,Female_XXhet,0.013976357,0.963650268,2.457137765,NA,NA
ACH-001711,PFSK1_CENTRAL_NERVOUS_SYSTEM,683667,Male,2,central_nervous_system,Y+,X,Male_XY,0.597966652,0.678299974,-7.881328111,NA,NA
ACH-001715,CAL72_BONE,906827,Male,10,bone,NA,X,NA,0.602713672,0.582526007,-1.664382068,NA,NA
ACH-001719,OCIC4P_OVARY,NA,Female,NA,ovary,Y-,X,Female_X0,4.35E-05,0.651105923,4.553227283,NA,NA
ACH-001735,SEMK2_HAEMATOPOIETIC_AND_LYMPHOID_TISSUE,NA,Female,5,blood,Y-,XX,Female_XXhet,0.001088885,0.867937875,4.516962976,NA,NA
ACH-001740,RH28_SOFT_TISSUE,NA,Male,17,soft_tissue,Y+,X,Male_XY,0.350688494,0.424712627,-6.873660841,NA,NA
ACH-001750,TTC442_SOFT_TISSUE,NA,Male,NA,soft_tissue,Y+,X,Male_XY,0.698353254,0.657738975,-9.813986625,NA,NA
ACH-001765,RH4_SOFT_TISSUE,NA,Female,NA,soft_tissue,Y-,X,Female_X0,1.32E-05,0.593321725,4.284105181,NA,NA
ACH-001786,SNU1544_LARGE_INTESTINE,NA,Female,38,colorectal,Y-,XX,Female_XXhet,1.00E-05,0.94506685,4.550840995,NA,NA
ACH-001795,94T778_SOFT_TISSUE,NA,Female,NA,soft_tissue,Y-,XX,Female_XXhet,0.000210065,0.829477019,4.502271256,NA,NA
ACH-001819,MFM223_BREAST,NA,Female,NA,breast,Y-,XX,Female_XXhet,1.64E-06,0.927343229,4.553227283,NA,NA
ACH-001820,COLO824_BREAST,NA,Female,NA,breast,Y-,X,Female_X0,5.67E-09,0.530603991,4.540459617,NA,NA
ACH-001850,G415_BILIARY_TRACT,NA,Male,NA,bile_duct,Y-,X,Male_X0,7.55E-07,0.616657486,4.553046287,NA,NA
ACH-001852,HKGZCC_BILIARY_TRACT,NA,Male,NA,bile_duct,NA,XX,NA,0.666518702,0.810143403,-1.861925735,NA,NA
ACH-001853,KMCH1_BILIARY_TRACT,NA,Male,NA,bile_duct,Y-,X,Male_X0,0.000100484,0.627442426,4.553227283,NA,NA
ACH-001856,RBE_BILIARY_TRACT,NA,Female,NA,bile_duct,Y-,XX,Female_XXhet,2.09E-07,0.818442831,4.553227283,NA,NA
ACH-001857,SG231_BILIARY_TRACT,NA,Male,NA,bile_duct,Y-,X,Male_X0,0.023598928,0.744011083,4.185476586,NA,NA
ACH-001858,SSP25_BILIARY_TRACT,NA,Female,NA,bile_duct,Y-,X,Female_X0,0.000741982,0.705315867,4.553227283,NA,NA
ACH-001861,TGBC1TKB_BILIARY_TRACT,NA,Female,NA,bile_duct,Y-,X,Female_X0,1.01E-06,0.762567863,4.553227283,NA,NA
ACH-001862,TGBC52TKB_BILIARY_TRACT,NA,Male,NA,bile_duct,Y-,X,Male_X0,6.18E-05,0.587977604,4.553227283,NA,NA
ACH-001863,TKKK_BILIARY_TRACT,NA,Male,NA,bile_duct,Y+,X,Male_XY,0.673892385,0.70172632,-8.512171547,NA,NA
ACH-001864,YSCCC_BILIARY_TRACT,NA,Female,NA,bile_duct,Y-,XX,Female_XXhet,1.55E-05,0.853023486,4.473676015,NA,NA
ACH-001955,JHC7_BONE,NA,Female,NA,bone,NA,XX,Female_XXhet,NA,0.90025427,NA,NA,NA
ACH-001956,MUGCHOR1_BONE,NA,Female,57,bone,NA,XX,Female_XXhet,NA,0.927592568,NA,NA,NA
ACH-001957,UMCHOR1_BONE,NA,Male,64,bone,NA,X,NA,NA,0.650809545,NA,NA,NA
ACH-001959,CCLP1_BILIARY_TRACT,NA,Miss_classification,NA,bile_duct,Y+,X,NA,0.562637799,0.65504509,-8.042410962,NA,NA
ACH-001960,CCSW1_BILIARY_TRACT,NA,Female,NA,bile_duct,Y-,X,Female_X0,5.25E-06,0.527536703,4.553227283,NA,NA
ACH-001970,MM253_SKIN,NA,Male,NA,skin,Y-,X,Male_X0,5.28E-08,0.577282796,4.553227283,NA,NA
ACH-001973,MM485_SKIN,NA,Male,NA,skin,Y+,X,Male_XY,0.572131994,0.530564702,-8.265656384,NA,NA
ACH-001977,NO36_LUNG,NA,Male,NA,lung,Y+,X,Male_XY,0.315682271,0.802485909,-5.15977502,NA,NA
ACH-001982,NZM3_SKIN,NA,Male,69,skin,Y+,X,Male_XY,0.690080942,0.670411148,-8.185327915,NA,NA
ACH-001991,NZOV9_OVARY,NA,Female,47,ovary,Y-,XX,Female_XXhet,1.38E-05,1.2137275,4.553227283,NA,NA
ACH-001992,ONE58_LUNG,NA,Male,NA,lung,Y+,X,Male_XY,0.684233168,0.771717345,-8.742450983,NA,NA
ACH-001993,NALM16_HAEMATOPOIETIC_AND_LYMPHOID_TISSUE,NA,Female,12,blood,Y-,X,Female_X0,1.02E-09,0.696184336,4.553227283,NA,NA
ACH-002005,SKMEL19_SKIN,NA,Male,50,skin,Y-,X,Male_X0,7.20E-06,0.796240978,4.553227283,NA,NA
ACH-002014,MEL270_UVEA,NA,Male,62,eye,NA,X,NA,0.136383978,0.593266048,-3.561014981,NA,NA
ACH-002015,MEL285_UVEA,NA,Female,49,eye,Y-,XX,Female_XXhet,3.88E-06,1.037943306,4.544026997,NA,NA
ACH-002016,MEL290_UVEA,NA,Female,67,eye,Y-,XX,Female_XXhet,1.09E-09,0.937348829,4.553227283,NA,NA
ACH-002017,OMM1_UVEA,NA,Male,NA,eye,Y-,X,Male_X0,9.44E-10,0.430133058,4.553227283,NA,NA
ACH-002018,OMM25_UVEA,NA,Male,NA,eye,Y+,X,Male_XY,0.651999217,0.657929054,-7.938496998,NA,NA
ACH-002019,HOKUG_CERVIX,NA,Female,53,cervix,Y-,X,Female_X0,1.14E-07,0.655941425,4.553227283,NA,NA
ACH-002021,T3M3_PLACENTA,NA,Female,NA,uterus,Y-,X,Female_X0,3.89E-07,0.719812864,4.553227283,NA,NA
ACH-002023,TGBC18TKB_LARGE_INTESTINE,NA,Female,79,colorectal,Y-,X,Female_X0,6.50E-07,0.734444386,4.553227283,NA,NA
ACH-002024,ECC4_LARGE_INTESTINE,NA,Male,45,colorectal,Y-,X,Male_X0,4.79E-06,0.748457771,4.553227283,NA,NA
ACH-002025,TT1TKB_LARGE_INTESTINE,NA,Male,NA,colorectal,Y-,X,Male_X0,2.84E-08,0.739143815,4.553227283,NA,NA
ACH-002026,HHUA_ENDOMETRIUM,NA,Female,54,uterus,Y-,XX,Female_XXhet,1.15E-09,0.924449146,4.553227283,NA,NA
ACH-002027,HOUAI_ENDOMETRIUM,NA,Female,55,uterus,Y-,XX,Female_XXhet,4.54E-06,0.930534539,4.553227283,NA,NA
ACH-002029,SAS_UPPER_AERODIGESTIVE_TRACT,NA,Female,NA,upper_aerodigestive,Y-,XX,Female_XXhet,1.89E-05,0.86607723,4.553227283,NA,NA
ACH-002041,HOTHC_THYROID,NA,Female,NA,thyroid,Y-,XX,Female_XXhet,1.55E-05,1.063108829,4.553227283,NA,NA
ACH-002042,T3M5_THYROID,NA,Female,71,thyroid,Y-,XX,Female_XXhet,0.000472295,0.858891205,4.553227283,NA,NA
ACH-002044,HSQ89_UPPER_AERODIGESTIVE_TRACT,NA,Male,74,upper_aerodigestive,NA,XX,NA,0.172112152,0.883841396,-4.442912227,NA,NA
ACH-002045,HO1U1_UPPER_AERODIGESTIVE_TRACT,NA,Male,NA,upper_aerodigestive,Y+,X,Male_XY,1.137864088,0.445688874,-10.26249284,NA,NA
ACH-002046,HTMMT_ENDOMETRIUM,NA,Female,66,uterus,Y-,X,Female_X0,5.95E-07,0.710766654,4.553227283,NA,NA
ACH-002048,RMSYM_SOFT_TISSUE,NA,Male,2,soft_tissue,Y+,X,Male_XY,0.502628121,0.639333748,-7.553539275,NA,NA
ACH-002055,TL1_HAEMATOPOIETIC_AND_LYMPHOID_TISSUE,NA,Male,NA,lymphocyte,Y+,X,Male_XY,0.613425915,0.546467678,-8.561952702,NA,NA
ACH-002059,P30OHK_HAEMATOPOIETIC_AND_LYMPHOID_TISSUE,NA,Female,11,blood,Y-,X,Female_X0,1.62E-06,0.54874331,4.553227283,NA,NA
ACH-002061,P2URK562_HAEMATOPOIETIC_AND_LYMPHOID_TISSUE,NA,Female,53,blood,Y-,XX,Female_XXhet,0.006078288,0.842192753,4.424417751,NA,NA
ACH-002062,SLVL_HAEMATOPOIETIC_AND_LYMPHOID_TISSUE,NA,Female,70,lymphocyte,Y-,X,Female_X0,5.90E-06,0.769851002,4.553227283,NA,NA
ACH-002066,HSSCH2_CENTRAL_NERVOUS_SYSTEM,NA,Female,54,central_nervous_system,Y-,X,Female_X0,0.063894725,0.696815315,4.553227283,NA,NA
ACH-002067,NOS1_BONE,NA,Male,16,bone,NA,X,NA,0.399289892,0.54765809,0.617028626,NA,NA
ACH-002069,HSOS1_BONE,NA,Female,11,bone,Y-,XX,Female_XXhet,0.007242915,0.813203993,4.553227283,NA,NA
ACH-002080,TN2_AUTONOMIC_GANGLIA,NA,Male,NA,peripheral_nervous_system,NA,X,NA,0.196039686,0.600801799,-4.056274557,NA,NA
ACH-002084,MMAC_SKIN,NA,Female,39,skin,Y-,XX,Female_XXhet,0.042937313,0.899633043,4.553227283,NA,NA
ACH-002399,21NT_BREAST,NA,Female,36,breast,NA,NA,NA,NA,NA,NA,NA,NA
ACH-002458,HT144_SKIN_FV1_RESISTANT,NA,Male,29,skin,NA,X,NA,0.288682998,0.435963493,-2.469884991,NA,NA
ACH-002459,HT144_SKIN_FV3_RESISTANT,NA,Male,29,skin,NA,X,NA,0.329683854,0.435143332,-2.045634142,NA,NA
ACH-002460,HT144_SKIN_FV2_RESISTANT,NA,Male,29,skin,NA,X,NA,0.199851168,0.444647395,-2.411377534,NA,NA
ACH-002461,RVH421_SKIN_FV1_RESISTANT,NA,Male,NA,skin,Y+,X,Male_XY,0.424385377,0.517064457,-6.147188034,NA,NA
ACH-002462,RPE1SS48_ENGINEERED,NA,Female,NA,engineered,Y-,NA,NA,NA,NA,4.553227283,NA,NA
ACH-002463,RPE1SS77_ENGINEERED,NA,Female,NA,engineered,Y-,NA,NA,NA,NA,4.553227283,NA,NA
ACH-002464,RPE1SS6_ENGINEERED,NA,Female,NA,engineered,Y-,NA,NA,NA,NA,4.553227283,NA,NA
ACH-002465,RPE1SS119_ENGINEERED,NA,Female,NA,engineered,Y-,XX,Female_XXhet,0.009470672,1.050283127,4.553227283,NA,NA
ACH-002467,RPE1SS51_ENGINEERED,NA,Female,NA,engineered,Y-,NA,NA,NA,NA,4.534917353,NA,NA
ACH-002508,WM3211_SKIN,NA,Female,34,skin,Y-,X,Female_X0,1.47E-05,0.785514839,4.525896583,NA,NA
ACH-002510,M040416_SKIN,NA,Male,54,skin,Y-,X,Male_X0,0.001971244,0.449915715,4.553227283,NA,NA
ACH-002511,M140325_SKIN,NA,Female,64,skin,Y-,XX,Female_XXhet,0.016126759,1.09990604,4.553227283,NA,NA
ACH-002659,JVE127_COLON,NA,Male,60,colorectal,NA,X,NA,0.097455223,0.572600455,-0.784559697,NA,NA
ACH-002687,WM3772F_EYE,NA,Female,NA,eye,Y-,X,Female_X0,0.001590606,0.65041386,4.553227283,NA,NA
ACH-002874,,NA,Female,54,skin,NA,NA,NA,NA,NA,NA,NA,NA
ACH-002875,,NA,Male,28,skin,NA,NA,NA,NA,NA,NA,NA,NA
